Fájlnév,All hash,not found hash,Found hash,Available keys,256886
0x5DB4409B,2,2,0,0,
0x5E7F86AB,2,2,0,0,
0x7AE070F2,52,52,0,0,
0xA0BA3A6A,2,2,0,0,
0xF0FE27BE,1,1,0,0,
0008_s_f_m_ispworker_01_black_02,21,21,0,0,
0012_s_m_m_ispworker_02_black_02,24,24,0,0,
0013_a_f_m_asbtownfolk_01_white_01,50,50,0,0,
0015_a_f_m_asbtownfolk_02_black_01,26,26,0,0,
0018_a_m_m_asbtownfolk_01_white_01,85,85,0,0,
0020_a_m_m_asbtownfolk_02_black_01,32,32,0,0,
0021_a_m_m_asbminer_01_white_01,57,57,0,0,
0024_a_m_y_asbminer_01_white_01,100,100,0,0,
0034_u_m_o_asbsheriff_01,142,142,0,0,
0036_u_m_m_asbgunsmith_01,148,148,0,0,
0038_a_m_m_bivworker_01_white_01,87,87,0,0,
0041_a_f_m_bynfancytravellers_01_black_01,21,21,0,0,
0044_a_m_m_bynroughtravellers_01_white_01,87,87,0,0,
0045_a_m_m_bynroughtravellers_01_black_01,150,150,0,0,
0049_a_m_m_bivfancytravellers_01_hispanic_01,24,24,0,0,
0050_a_m_m_bivroughtravellers_01_white_01,122,122,0,0,
0052_a_m_m_bivroughtravellers_01_hispanic_01,78,78,0,0,
0053_a_f_m_blwtownfolk_01_white_01,47,47,0,0,
0055_a_f_m_blwtownfolk_02_hispanic_01,57,57,0,0,
0056_a_f_m_blwupperclass_01_white_01,50,50,0,0,
0057_a_f_m_blwupperclass_01_white_02,21,21,0,0,
0060_a_m_m_blwtownfolk_01_white_01,62,62,0,0,
0061_a_m_m_blwtownfolk_01_black_01,28,28,0,0,
0063_a_m_m_blwupperclass_01_white_01,58,58,0,0,
0064_a_m_m_blwupperclass_01_white_02,73,73,0,0,
0067_a_m_m_blwconstruction_01_hispanic_01,32,32,0,0,
0072_a_m_m_blwdockworker_01_asian_01,29,29,0,0,
0078_u_m_m_blwtrainstationworker_01,118,118,0,0,
0080_u_m_o_blwbartender_01,107,107,0,0,
0083_u_m_o_blwgeneralstoreowner_01,143,143,0,0,
0085_u_m_o_blwpolicechief_01,138,138,0,0,
0088_s_f_m_bwmworker_01_white_01,61,61,0,0,
0089_s_m_m_bwmworker_01_white_01,64,64,0,0,
0090_s_m_m_bwmworker_02_black_01,27,27,0,0,
0094_a_f_m_btchillbilly_01_white_01,50,50,0,0,
0095_a_m_m_btchillbilly_01_white_01,52,52,0,0,
0105_s_f_m_cghworker_01_white_01,61,61,0,0,
0106_s_m_m_cghworker_01_white_01,65,65,0,0,
0107_s_m_m_cghworker_02_black_01,29,29,0,0,
0113_s_m_m_racrailworker_01_asian_01,93,93,0,0,
0114_s_m_y_racrailworker_01_asian_01,28,28,0,0,
0119_s_m_m_cktworker_01_white_01,59,59,0,0,
0120_s_m_o_cktworker_01_white_01,64,64,0,0,
0130_g_m_m_unicriminals_01_white_01,225,225,0,0,
0131_g_m_m_unicriminals_01_white_02,253,253,0,0,
0132_g_m_m_unicriminals_01_black_01,156,156,0,0,
0133_g_m_m_unicriminals_01_black_02,183,183,0,0,
0134_g_m_m_unicriminals_01_hispanic_01,176,176,0,0,
0135_g_m_m_unicriminals_01_hispanic_02,196,196,0,0,
0160_u_m_m_dorhomesteadhusband_01,95,95,0,0,
0171_u_m_m_emrfather_01,95,95,0,0,
0174_g_m_o_uniexconfeds_01_white_01,159,159,0,0,
0175_g_m_o_uniexconfeds_01_white_02,229,229,0,0,
0176_g_m_o_uniexconfeds_01_white_03,281,281,0,0,
0177_g_m_y_uniexconfeds_01_white_01,219,219,0,0,
0178_g_m_y_uniexconfeds_01_white_02,241,241,0,0,
0179_g_m_y_uniexconfeds_01_white_03,282,282,0,0,
0192_a_m_m_htlroughtravellers_01_white_01,102,102,0,0,
0193_a_m_m_htlroughtravellers_01_hispanic_01,72,72,0,0,
0199_g_m_m_uniinbred_01_white_01,179,179,0,0,
0200_g_m_m_uniinbred_01_white_02,159,159,0,0,
0201_g_m_m_uniinbred_02_white_01,160,160,0,0,
0202_g_m_m_uniinbred_02_white_02,178,178,0,0,
0203_g_m_m_uniinbred_03_white_01,168,168,0,0,
0204_g_m_m_uniinbred_03_white_02,203,203,0,0,
0216_u_f_m_lagmother_01,83,83,0,0,
0234_s_m_m_mapworker_01_white_01,57,57,0,0,
0235_s_m_m_mapworker_01_white_02,49,49,0,0,
0255_g_m_m_unimountainmen_01_white_01,137,137,0,0,
0256_g_m_m_unimountainmen_01_white_02,154,154,0,0,
0257_g_m_m_unimountainmen_02_white_01,148,148,0,0,
0258_g_m_m_unimountainmen_02_white_02,120,120,0,0,
0259_g_m_m_unimountainmen_03_native_01,89,89,0,0,
0260_g_m_m_unimountainmen_03_native_02,88,88,0,0,
0261_a_f_m_nbxslums_01_white_01,57,57,0,0,
0275_a_f_m_nbxupperclass_01_white_01,50,50,0,0,
0276_a_f_m_nbxupperclass_01_white_02,38,38,0,0,
0277_a_f_m_nbxwhore_01_white_01,63,63,0,0,
0278_a_f_m_nbxwhore_01_black_01,64,64,0,0,
0279_a_f_m_nbxwhore_01_hispanic_01,45,45,0,0,
0280_a_f_m_nbxwhore_01_hispanic_02,51,51,0,0,
0281_a_f_m_nbxwhore_01_asian_01,64,64,0,0,
0282_a_f_m_nbxwhore_01_asian_02,51,51,0,0,
0283_a_m_m_nbxslums_01_white_01,120,120,0,0,
0291_a_m_m_nbxtownfolk_02_hispanic_01,31,31,0,0,
0293_a_m_m_nbxupperclass_01_white_01,52,52,0,0,
0294_a_m_m_nbxupperclass_01_white_02,29,29,0,0,
0295_a_m_y_nbxstreetkids_01_white_01,58,58,0,0,
0296_a_m_y_nbxstreet_01_white_02,56,56,0,0,
0297_a_m_y_nbxstreetkids_slums_01_white_01,59,59,0,0,
0298_a_m_y_nbxstreetkids_slums_01_white_02,43,43,0,0,
0301_a_m_m_nbxdockworkers_01_white_01,61,61,0,0,
0303_a_m_m_nbxlaborers_01_white_01,60,60,0,0,
0311_u_m_m_nbxbartender_01,109,109,0,0,
0312_u_m_m_nbxbartender_02,196,196,0,0,
0315_u_m_m_nbxdoctor_01,201,201,0,0,
0317_u_m_m_nbxgeneralstoreowner_01,151,151,0,0,
0319_u_m_m_nbxgunsmith_01,141,141,0,0,
0355_g_m_m_uniduster_01_white_01,119,119,0,0,
0356_g_m_m_uniduster_01_white_02,128,128,0,0,
0357_g_m_m_uniduster_02_white_01,155,155,0,0,
0358_g_m_m_uniduster_02_white_02,124,124,0,0,
0359_g_m_m_uniduster_02_irish_01,121,121,0,0,
0360_g_m_m_uniduster_03_irish_01,239,239,0,0,
0361_g_m_m_uniduster_03_white_01,174,174,0,0,
0362_g_m_m_uniduster_03_white_02,160,160,0,0,
0372_u_m_o_pshrancher_01,96,96,0,0,
0373_s_m_m_pinlaw_01_white_01,54,54,0,0,
0374_s_m_m_pinlaw_01_white_02,44,44,0,0,
0375_s_m_m_pinlaw_01_white_03,30,30,0,0,
0376_s_m_m_pinlaw_02_white_01,36,36,0,0,
0377_s_m_m_pinlaw_02_white_02,30,30,0,0,
0378_s_m_m_pinlaw_02_white_03,30,30,0,0,
0388_a_f_m_rhdtownfolk_01_white_01,50,50,0,0,
0390_a_f_m_rhdtownfolk_02_black_01,26,26,0,0,
0391_a_f_m_rhdprostitute_01_white_01,64,64,0,0,
0392_a_f_m_rhdprostitute_01_black_01,62,62,0,0,
0393_a_m_m_rhdtownfolk_01_black_01,59,59,0,0,
0394_s_m_m_rhdfarmer_01_black_01,29,29,0,0,
0395_s_m_m_rhdfarmer_02_black_01,37,37,0,0,
0397_u_m_m_rhdbartender_01,116,116,0,0,
0400_u_m_m_rhdgenstoreowner_01,158,158,0,0,
0401_u_m_m_rhdgunsmith_01,145,145,0,0,
0405_u_m_m_rhdsheriff_01,166,166,0,0,
0406_u_m_m_rhdtrainstationworker_01,118,118,0,0,
0411_a_m_m_rkrroughtravellers_01_white_01,78,78,0,0,
0412_a_m_m_rkrroughtravellers_01_black_01,92,92,0,0,
0418_a_m_m_sclroughtravellers_01_white_01,120,120,0,0,
0419_a_m_m_sclroughtravellers_01_black_01,83,83,0,0,
0426_s_m_m_skpguard_01_white_01,54,54,0,0,
0427_a_f_m_strtownfolk_01_white_01,51,51,0,0,
0429_a_m_m_strtownfolk_01_white_01,66,66,0,0,
0431_s_m_m_strlumberjack_01_white_01,31,31,0,0,
0434_s_m_m_strmillworker_01_white_01,38,38,0,0,
0442_u_m_m_strfreightstationowner_01,118,118,0,0,
0452_a_f_m_grifancytravellers_01_white_01,21,21,0,0,
0454_a_m_m_griroughtravellers_01_white_01,127,127,0,0,
0457_u_m_m_strsherriff_01,138,138,0,0,
0461_a_f_m_valtownfolk_01_white_01,59,59,0,0,
0462_a_f_m_valprostitute_01_white_01,65,65,0,0,
0465_a_m_m_valtownfolk_01_white_01,108,108,0,0,
0466_a_m_m_valtownfolk_02_white_01,87,87,0,0,
0467_s_m_m_valcowpoke_01_white_01,35,35,0,0,
0470_a_m_m_valfarmer_01_white_01,149,149,0,0,
0475_u_m_m_valbartender_01,103,103,0,0,
0477_u_m_m_valdoctor_01,150,150,0,0,
0478_u_m_m_valgenstoreowner_01,157,157,0,0,
0479_u_m_m_valgunsmith_01,149,149,0,0,
0480_u_m_m_valhotelowner_01,69,69,0,0,
0484_u_m_m_valsheriff_01,268,268,0,0,
0486_a_f_m_vhtprostitute_01_white_01,62,62,0,0,
0487_a_f_m_vhtprostitute_01_black_01,,,,,Deprecated file
0487_a_f_m_vhtprostitute_02_black_01,64,64,0,0,
0490_a_f_m_vhttownfolk_01_white_01,62,62,0,0,
0491_a_f_m_vhttownfolk_01_black_01,,,,,Deprecated file
0491_a_f_m_vhttownfolk_02_black_01,55,55,0,0,
0494_a_m_m_vhttownfolk_01_white_01,65,65,0,0,
0495_a_m_m_vhttownfolk_01_black_01,109,109,0,0,
0497_s_m_m_vhtlaborer_01_white_01,36,36,0,0,
0499_s_m_m_vhtdockworker_01_white_01,54,54,0,0,
0507_u_m_m_vhtstationclerk_01,127,127,0,0,
0509_u_m_o_vhtexoticshopkeeper_01,138,138,0,0,
0510_a_f_m_waptownfolk_01_native_01,52,52,0,0,
0511_a_f_m_waptownfolk_01_native_02,52,52,0,0,
0514_a_m_m_wapwarriors_01_native_01,68,68,0,0,
0515_a_m_m_wapwarriors_01_native_02,67,67,0,0,
0533_a_f_m_civ_white_02,21,21,0,0,
0537_a_f_m_civ_white_06,65,65,0,0,
0546_a_f_m_civ_white_15,42,42,0,0,
0557_a_f_m_prostitute_black_01,52,52,0,0,
0558_a_f_m_prostitute_black_02,94,94,0,0,
0559_a_f_m_prostitute_black_03,53,53,0,0,
0560_a_f_m_prostitute_black_04,53,53,0,0,
0561_a_f_m_prostitute_black_05,49,49,0,0,
0562_a_f_m_prostitute_white_01,53,53,0,0,
0563_a_f_m_prostitute_white_02,52,52,0,0,
0564_a_f_m_prostitute_white_03,52,52,0,0,
0565_a_f_m_prostitute_white_04,52,52,0,0,
0566_a_f_m_prostitute_white_05,52,52,0,0,
0581_a_m_m_civ_white_05,24,24,0,0,
0583_a_m_m_civ_white_07,38,38,0,0,
0585_a_m_m_civ_white_09,91,91,0,0,
0589_a_m_m_civ_white_13,66,66,0,0,
0592_a_m_m_civ_white_16,37,37,0,0,
0594_a_m_m_civ_poor_white_avoid_14,72,72,0,0,
0595_a_m_m_civ_white_avoid_11,68,68,0,0,
0604_a_m_m_poor_black_03,26,26,0,0,
0613_a_m_m_poor_black_12,24,24,0,0,
0615_a_m_m_poor_black_14,4,4,0,0,
0616_a_m_m_poor_black_15,27,27,0,0,
0625_a_m_m_poor_hispanic_04,24,24,0,0,
0626_a_m_m_poor_hispanic_05,24,24,0,0,
0627_a_m_m_poor_hispanic_06,54,54,0,0,
0643_a_m_m_poor_white_02,40,40,0,0,
0644_a_m_m_civ_poor_white_aggressive_19,84,84,0,0,
0650_a_m_m_civ_poor_white_aggressive_20,31,31,0,0,
0656_a_m_m_poor_white_15,26,26,0,0,
0657_a_m_m_civ_poor_white_aggressive_18,16,16,0,0,
0659_a_m_m_poor_white_18,24,24,0,0,
0677_a_m_m_rhdtownfolk_02_white_01,84,84,0,0,
0678_u_m_m_strgenstoreowner_01,154,154,0,0,
0679_u_m_m_nbxshadydealer_01,141,141,0,0,
0686_u_m_o_valbartender_01,105,105,0,0,
0694_u_m_m_rhdgenstoreowner_02,141,141,0,0,
0696_u_m_m_lrshomesteadtenant_01,93,93,0,0,
0701_a_m_m_rhdupperclass_01_white_01,59,59,0,0,
0702_a_m_m_rhdupperclass_01_white_02,131,131,0,0,
0703_a_f_m_rhdupperclass_01_white_01,50,50,0,0,
0704_a_f_m_rhdupperclass_01_white_02,56,56,0,0,
0708_s_m_m_racrailguards_01_white_01,62,62,0,0,
0709_s_m_m_nbxriverboatguards_white_01,46,46,0,0,
0710_u_m_m_valbarber_01,89,89,0,0,
0711_g_m_m_uniranchers_01_white_01,129,129,0,0,
0712_g_m_m_uniranchers_01_white_02,136,136,0,0,
0713_g_m_m_uniranchers_01_white_03,144,144,0,0,
0714_g_m_m_uniranchers_01_white_04,114,114,0,0,
0717_a_f_m_btchillbilly_01_white_02,87,87,0,0,
0718_a_m_m_btchillbilly_01_white_02,113,113,0,0,
0719_a_f_o_btchillbilly_01_white_01,59,59,0,0,
0720_a_f_o_btchillbilly_01_white_02,46,46,0,0,
0721_a_m_o_btchillbilly_01_white_01,62,62,0,0,
0722_a_m_o_btchillbilly_01_white_02,51,51,0,0,
0723_a_m_m_guatownfolk_01_hispanic_01,45,45,0,0,
0724_a_m_m_guatownfolk_01_hispanic_02,39,39,0,0,
0725_a_m_m_guatownfolk_01_hispanic_03,39,39,0,0,
0726_a_m_m_guatownfolk_01_hispanic_04,120,120,0,0,
0729_a_f_m_guatownfolk_01_hispanic_01,35,35,0,0,
0730_a_f_m_guatownfolk_01_hispanic_02,36,36,0,0,
0731_a_f_m_guatownfolk_01_hispanic_03,36,36,0,0,
0732_a_m_m_guatownfolk_01_hispanic_05,3,3,0,0,
0735_s_m_m_mapworker_01_white_03,64,64,0,0,
0736_s_f_m_mapworker_01_white_01,57,57,0,0,
0737_s_f_m_mapworker_01_white_02,43,43,0,0,
0738_s_f_m_mapworker_01_white_03,64,64,0,0,
0739_g_m_m_bountyhunters_01_white_01,28,28,0,0,
0740_g_m_m_bountyhunters_01_white_02,50,50,0,0,
0741_g_m_m_bountyhunters_01_white_03,44,44,0,0,
0742_g_m_m_bountyhunters_01_white_04,50,50,0,0,
0743_g_m_m_bountyhunters_01_white_05,56,56,0,0,
0744_g_m_m_bountyhunters_01_white_06,61,61,0,0,
0745_g_m_m_bountyhunters_01_white_07,66,66,0,0,
0746_g_m_m_bountyhunters_01_white_08,76,76,0,0,
0747_g_m_m_bountyhunters_01_white_09,56,56,0,0,
0748_a_m_m_jamesonguard_01_white_01,47,47,0,0,
0750_a_f_o_blwupperclass_01_white_02,40,40,0,0,
0751_a_m_o_blwupperclass_01_white_01,64,64,0,0,
0752_a_m_o_blwupperclass_01_white_02,59,59,0,0,
0753_a_m_m_blwlaborer_01_white_01,72,72,0,0,
0754_a_m_m_blwlaborer_02_hispanic_01,62,62,0,0,
0755_a_m_m_blwforeman_01_white_01,63,63,0,0,
0756_g_m_m_unigrays_01_white_01,44,44,0,0,
0757_s_m_m_cornwallguard_01_white_01,56,56,0,0,
0758_s_m_m_cornwallguard_01_white_02,1,1,0,0,
0759_a_m_m_emrfarmhand_01_white_01,92,92,0,0,
0760_s_m_m_fussarhenchman_01_hispanic_01,40,40,0,0,
0761_s_m_m_fussarhenchman_01_hispanic_02,26,26,0,0,
0762_s_m_m_fussarhenchman_01_hispanic_03,20,20,0,0,
0763_s_m_m_fussarhenchman_01_hispanic_04,27,27,0,0,
0764_s_m_m_fussarhenchman_01_hispanic_05,20,20,0,0,
0765_s_m_m_fussarhenchman_01_hispanic_06,26,26,0,0,
0766_a_m_m_lagtownfolk_01_black_01,62,62,0,0,
0767_a_m_m_lagtownfolk_01_black_02,52,52,0,0,
0768_a_m_o_lagtownfolk_01_black_01,63,63,0,0,
0769_a_m_o_lagtownfolk_01_black_02,50,50,0,0,
0770_a_f_m_lagtownfolk_01_black_01,51,51,0,0,
0771_a_f_m_lagtownfolk_01_black_02,116,116,0,0,
0772_a_f_o_lagtownfolk_01_black_01,63,63,0,0,
0773_a_f_o_lagtownfolk_01_black_02,47,47,0,0,
0774_a_f_m_sdslums_02_black_01,61,61,0,0,
0775_a_m_m_sdslums_02_black_01,64,64,0,0,
0776_a_m_y_sdstreet_slums_02_black_01,85,85,0,0,
0777_a_m_y_sdstreet_slums_02_black_02,50,50,0,0,
0778_a_m_m_sddockworkers_02_black_01,64,64,0,0,
0779_a_m_m_sdlaborers_02_black_01,128,128,0,0,
0780_g_m_m_unigrays_01_white_02,27,27,0,0,
0781_a_f_m_sdslums_02_black_02,102,102,0,0,
0782_a_f_m_lowersdtownfolk_01_white_01,61,61,0,0,
0783_a_f_m_lowersdtownfolk_02_black_01,57,57,0,0,
0784_a_f_m_lowersdtownfolk_03_hispanic_01,57,57,0,0,
0785_a_f_m_middlesdtownfolk_01_white_01,61,61,0,0,
0786_a_f_m_middlesdtownfolk_02_black_01,61,61,0,0,
0788_a_m_m_lowersdtownfolk_01_white_01,84,84,0,0,
0789_a_m_m_lowersdtownfolk_02_black_01,71,71,0,0,
0791_a_m_m_middlesdtownfolk_01_white_01,63,63,0,0,
0792_a_m_m_middlesdtownfolk_02_black_01,73,73,0,0,
0793_a_m_m_middlesdtownfolk_03_hispanic_01,63,63,0,0,
0794_a_f_m_sdchinatown_01_asian_01,60,60,0,0,
0795_a_f_m_sdchinatown_01_asian_02,47,47,0,0,
0796_a_f_o_sdchinatown_01_asian_01,56,56,0,0,
0797_a_m_m_sdchinatown_01_asian_01,63,63,0,0,
0799_a_m_o_sdchinatown_01_asian_02,43,43,0,0,
0800_a_f_o_sdupperclass_01_white_01,57,57,0,0,
0801_a_f_o_sdupperclass_01_white_02,42,42,0,0,
0802_a_m_o_sdupperclass_01_white_01,60,60,0,0,
0803_a_m_o_sdupperclass_01_white_02,44,44,0,0,
0804_a_f_m_sdfancywhore_01_white_01,64,64,0,0,
0805_a_m_m_sddockforeman_01_white_01,67,67,0,0,
0806_s_m_m_army_01_white_01,86,86,0,0,
0807_s_m_m_army_01_white_02,115,115,0,0,
0808_s_m_m_army_01_white_03,58,58,0,0,
0809_s_m_y_army_01_white_01,69,69,0,0,
0810_s_m_y_army_01_white_02,67,67,0,0,
0811_s_m_y_army_01_white_03,58,58,0,0,
0812_g_m_m_unibraithwaites_01_white_01,63,63,0,0,
0813_g_m_m_unibraithwaites_01_white_02,66,66,0,0,
0814_a_m_m_rhdforeman_01_white_01,63,63,0,0,
0815_a_m_m_strlaborer_01_white_01,89,89,0,0,
0816_a_m_m_vallaborer_01_white_01,90,90,0,0,
0817_a_m_m_vhtthug_01_white_01,70,70,0,0,
0818_a_m_m_vhtthug_01_white_02,60,60,0,0,
0819_a_m_m_vhtthug_01_white_03,52,52,0,0,
0820_s_m_m_tailor_01_white_01,129,129,0,0,
0821_s_m_m_barber_01_white_01,49,49,0,0,
0822_s_m_m_bankclerk_01_white_01,64,64,0,0,
0823_s_m_m_bankclerk_01_white_02,63,63,0,0,
0824_s_m_m_bankclerk_01_white_03,62,62,0,0,
0825_s_m_m_liveryworker_01_white_01,86,86,0,0,
0826_s_m_m_liveryworker_01_white_02,83,83,0,0,
0827_s_m_m_liveryworker_01_white_03,85,85,0,0,
0828_s_m_m_liveryworker_01_white_04,88,88,0,0,
0829_s_m_y_newspaperboy_01_white_01,51,51,0,0,
0830_s_m_y_newspaperboy_01_white_02,58,58,0,0,
0831_s_m_y_newspaperboy_01_white_03,51,51,0,0,
0832_s_m_m_trainstationworker_01_white_01,107,107,0,0,
0833_s_m_m_trainstationworker_01_white_02,109,109,0,0,
0834_s_m_m_trainstationworker_01_white_03,101,101,0,0,
0835_s_m_m_genconductor_01_white_01,53,53,0,0,
0836_s_m_m_genconductor_01_white_02,94,94,0,0,
0837_s_m_m_genconductor_01_white_03,55,55,0,0,
0838_s_m_m_marketvendor_01_white_01,105,105,0,0,
0839_s_m_m_marketvendor_01_white_02,68,68,0,0,
0840_s_m_m_marketvendor_01_black_01,53,53,0,0,
0841_s_m_m_marketvendor_01_black_01,,,,,Deprecated file
0842_s_m_m_unibutchers_01_white_01,112,112,0,0,
0843_s_m_m_unibutchers_01_white_02,109,109,0,0,
0844_s_m_m_unibutchers_01_white_03,50,50,0,0,
0845_a_f_m_blwtownfolk_02_hispanic_02,69,69,0,0,
0846_a_f_m_civ_black_avoid_01,87,87,0,0,
0847_a_f_m_civ_black_avoid_02,172,172,0,0,
0848_a_f_m_civ_hispanic_avoid_01,45,45,0,0,
0849_a_f_m_civ_hispanic_avoid_02,46,46,0,0,
0850_a_f_m_civ_hispanic_avoid_03,70,70,0,0,
0851_a_f_m_civ_poor_black_avoid_01,45,45,0,0,
0852_a_f_m_civ_poor_black_avoid_02,48,48,0,0,
0853_a_f_m_civ_poor_black_avoid_03,63,63,0,0,
0854_a_f_m_civ_poor_black_avoid_04,64,64,0,0,
0855_a_f_m_civ_poor_black_timid_01,38,38,0,0,
0856_a_f_m_civ_poor_black_timid_02,62,62,0,0,
0857_a_f_m_civ_poor_black_timid_03,43,43,0,0,
0858_a_f_m_civ_poor_black_timid_04,87,87,0,0,
0859_a_f_m_civ_poor_white_aggressive_01,39,39,0,0,
0860_a_f_m_civ_poor_white_aggressive_02,41,41,0,0,
0861_a_f_m_civ_poor_white_aggressive_03,75,75,0,0,
0863_a_f_m_civ_poor_white_avoid_01,71,71,0,0,
0864_a_f_m_civ_poor_white_avoid_02,48,48,0,0,
0865_a_f_m_civ_poor_white_avoid_03,88,88,0,0,
0866_a_f_m_civ_poor_white_avoid_04,60,60,0,0,
0867_a_f_m_civ_poor_white_avoid_05,110,110,0,0,
0868_a_f_m_civ_poor_white_avoid_06,49,49,0,0,
0869_a_f_m_civ_white_avoid_01,46,46,0,0,
0870_a_f_m_civ_white_avoid_02,49,49,0,0,
0871_a_f_m_civ_white_avoid_03,118,118,0,0,
0872_a_f_m_civ_white_timid_01,40,40,0,0,
0873_a_f_m_civ_white_timid_02,44,44,0,0,
0874_a_f_m_civ_white_timid_03,42,42,0,0,
0876_a_f_m_civ_white_timid_05,41,41,0,0,
0877_a_m_m_civ_poor_asian_avoid_01,54,54,0,0,
0878_a_m_m_civ_poor_asian_avoid_02,60,60,0,0,
0879_a_m_m_civ_poor_asian_avoid_03,53,53,0,0,
0880_a_m_m_civ_poor_asian_avoid_04,81,81,0,0,
0881_a_m_m_civ_poor_black_aggressive_01,63,63,0,0,
0882_a_m_m_civ_poor_black_aggressive_02,112,112,0,0,
0883_a_m_m_civ_poor_black_aggressive_03,88,88,0,0,
0884_a_m_m_civ_poor_black_aggressive_04,121,121,0,0,
0886_a_m_m_civ_poor_black_avoid_01,69,69,0,0,
0887_a_m_m_civ_poor_black_avoid_02,66,66,0,0,
0888_a_m_m_civ_poor_black_avoid_03,54,54,0,0,
0889_a_m_m_civ_poor_black_avoid_04,121,121,0,0,
0890_a_m_m_civ_poor_black_avoid_05,90,90,0,0,
0891_a_m_m_civ_poor_black_avoid_06,64,64,0,0,
0892_a_m_m_civ_poor_black_avoid_07,55,55,0,0,
0893_a_m_m_civ_poor_black_avoid_08,64,64,0,0,
0894_a_m_m_civ_poor_black_avoid_09,57,57,0,0,
0896_a_m_m_civ_poor_hispanic_avoid_01,83,83,0,0,
0897_a_m_m_civ_poor_hispanic_avoid_02,72,72,0,0,
0898_a_m_m_civ_poor_hispanic_avoid_03,77,77,0,0,
0899_a_m_m_civ_poor_hispanic_avoid_04,77,77,0,0,
0901_a_m_m_civ_poor_white_aggressive_01,67,67,0,0,
0902_a_m_m_civ_poor_white_aggressive_02,56,56,0,0,
0903_a_m_m_civ_poor_white_aggressive_03,63,63,0,0,
0904_a_m_m_civ_poor_white_aggressive_04,63,63,0,0,
0905_a_m_m_civ_poor_white_aggressive_05,92,92,0,0,
0906_a_m_m_civ_poor_white_aggressive_06,61,61,0,0,
0907_a_m_m_civ_poor_white_aggressive_07,86,86,0,0,
0908_a_m_m_civ_poor_white_aggressive_08,57,57,0,0,
0909_a_m_m_civ_poor_white_aggressive_09,67,67,0,0,
0910_a_m_m_civ_poor_white_aggressive_10,67,67,0,0,
0911_a_m_m_civ_poor_white_aggressive_11,77,77,0,0,
0912_a_m_m_civ_poor_white_aggressive_12,66,66,0,0,
0913_a_m_m_civ_poor_white_aggressive_13,71,71,0,0,
0914_a_m_m_civ_poor_white_aggressive_14,91,91,0,0,
0915_a_m_m_civ_poor_white_aggressive_15,71,71,0,0,
0918_a_m_m_civ_poor_white_avoid_01,87,87,0,0,
0919_a_m_m_civ_poor_white_avoid_02,58,58,0,0,
0920_a_m_m_civ_poor_white_avoid_03,67,67,0,0,
0921_a_m_m_civ_poor_white_avoid_04,63,63,0,0,
0922_a_m_m_civ_poor_white_avoid_05,53,53,0,0,
0923_a_m_m_civ_poor_white_avoid_06,71,71,0,0,
0924_a_m_m_civ_poor_white_avoid_07,82,82,0,0,
0925_a_m_m_civ_poor_white_avoid_08,66,66,0,0,
0926_a_m_m_civ_poor_white_avoid_09,82,82,0,0,
0927_a_m_m_civ_poor_white_avoid_10,71,71,0,0,
0928_a_m_m_civ_poor_white_avoid_11,55,55,0,0,
0929_a_m_m_civ_poor_white_avoid_12,55,55,0,0,
0931_a_m_m_civ_white_avoid_01,51,51,0,0,
0932_a_m_m_civ_white_avoid_02,53,53,0,0,
0933_a_m_m_civ_white_avoid_03,65,65,0,0,
0934_a_m_m_civ_white_avoid_04,64,64,0,0,
0935_a_m_m_civ_white_avoid_05,102,102,0,0,
0936_a_m_m_civ_white_avoid_06,54,54,0,0,
0937_a_m_m_civ_white_avoid_07,69,69,0,0,
0938_a_m_m_civ_white_avoid_08,55,55,0,0,
0941_a_m_m_foreman_white_avoid_01,63,63,0,0,
0942_a_m_m_foreman_white_avoid_02,56,56,0,0,
0943_a_m_m_foreman_white_avoid_03,47,47,0,0,
0944_a_m_m_foreman_white_avoid_04,47,47,0,0,
0945_a_m_m_foreman_white_avoid_05,49,49,0,0,
0946_a_m_m_guard_white_aggressive_01,39,39,0,0,
0947_a_m_m_guard_white_aggressive_02,1,1,0,0,
0948_a_m_m_guard_white_aggressive_03,38,38,0,0,
0949_a_m_m_guard_white_aggressive_04,39,39,0,0,
0950_a_m_m_guard_white_aggressive_05,43,43,0,0,
0951_a_m_m_guard_white_aggressive_06,44,44,0,0,
0952_a_m_m_guard_white_aggressive_07,54,54,0,0,
0953_a_m_m_guard_white_aggressive_08,53,53,0,0,
0954_a_m_m_guard_white_aggressive_09,53,53,0,0,
0955_a_m_m_guard_white_aggressive_10,45,45,0,0,
0956_a_m_m_rancher_white_01,43,43,0,0,
0957_a_m_m_rancher_white_02,66,66,0,0,
0958_a_m_m_rancher_white_03,43,43,0,0,
0959_a_m_m_rancher_white_04,41,41,0,0,
0960_a_m_m_rancher_white_05,45,45,0,0,
0961_a_m_m_rancher_white_06,36,36,0,0,
0962_a_m_m_rancher_white_07,60,60,0,0,
0963_a_m_m_roughtravellers_black_01,68,68,0,0,
0964_a_m_m_roughtravellers_black_02,78,78,0,0,
0965_a_m_m_roughtravellers_black_03,64,64,0,0,
0966_a_m_m_roughtravellers_black_04,64,64,0,0,
0967_a_m_m_roughtravellers_hispanic_01,65,65,0,0,
0968_a_m_m_roughtravellers_hispanic_02,1,1,0,0,
0969_a_m_m_roughtravellers_hispanic_03,82,82,0,0,
0970_a_m_m_roughtravellers_white_01,101,101,0,0,
0971_a_m_m_roughtravellers_white_02,77,77,0,0,
0972_a_m_m_roughtravellers_white_03,87,87,0,0,
0973_a_m_m_roughtravellers_white_04,82,82,0,0,
0974_a_m_m_roughtravellers_white_05,90,90,0,0,
0975_a_m_m_roughtravellers_white_06,75,75,0,0,
0976_a_m_m_roughtravellers_white_07,141,141,0,0,
0977_a_m_m_roughtravellers_white_08,145,145,0,0,
0978_s_m_m_ambientlawrural_white_01,74,74,0,0,
0979_s_m_m_ambientlawrural_white_02,77,77,0,0,
0980_s_m_m_ambientlawrural_white_03,72,72,0,0,
0981_s_m_m_ambientlawrural_white_04,78,78,0,0,
0982_s_m_m_ambientlawrural_white_05,68,68,0,0,
0983_s_m_m_ambientlawrural_white_06,93,93,0,0,
0984_s_m_m_ambientlawrural_white_07,97,97,0,0,
0985_s_m_m_ambientlawrural_white_08,59,59,0,0,
0986_s_m_m_dispatchlawrural_white_01,52,52,0,0,
0987_s_m_m_dispatchlawrural_white_02,51,51,0,0,
0988_s_m_m_dispatchlawrural_white_03,63,63,0,0,
0989_s_m_m_dispatchlawrural_white_04,63,63,0,0,
0990_s_m_m_dispatchlawrural_white_05,63,63,0,0,
0991_s_m_m_dispatchlawrural_white_06,77,77,0,0,
0992_s_m_m_dispatchlawrural_white_07,90,90,0,0,
0993_s_m_m_dispatchlawrural_white_08,90,90,0,0,
0994_s_m_m_dispatchlawrural_white_09,57,57,0,0,
0995_s_m_m_dispatchleaderrural_white_01,65,65,0,0,
0996_s_m_m_dispatchleaderrural_white_02,64,64,0,0,
0997_s_m_m_dispatchleaderrural_white_03,62,62,0,0,
0998_s_m_m_ambientsdpolice_white_01,78,78,0,0,
0999_s_m_m_ambientsdpolice_white_02,72,72,0,0,
1000_s_m_m_ambientsdpolice_white_03,58,58,0,0,
1001_s_m_m_ambientsdpolice_white_04,87,87,0,0,
1002_s_m_m_ambientblwpolice_white_01,68,68,0,0,
1003_s_m_m_ambientblwpolice_white_02,87,87,0,0,
1004_s_m_m_ambientblwpolice_white_03,51,51,0,0,
1005_s_m_m_dispatchpolice_white_01,84,84,0,0,
1006_s_m_m_dispatchpolice_white_02,72,72,0,0,
1007_s_m_m_dispatchpolice_white_03,100,100,0,0,
1008_s_m_m_dispatchpolice_white_04,69,69,0,0,
1009_s_m_m_dispatchpolice_white_05,68,68,0,0,
1010_s_m_m_dispatchpolice_white_06,68,68,0,0,
1011_s_m_m_dispatchpolice_white_07,57,57,0,0,
1012_s_m_m_dispatchleaderpolice_white_01,62,62,0,0,
1013_s_m_m_dispatchleaderpolice_white_02,62,62,0,0,
1014_a_m_m_sdslums_02_black_01,78,78,0,0,
1015_a_f_m_middlesdtownfolk_04_white_01,61,61,0,0,
1016_a_m_m_lowersdtownfolk_04_black_01,64,64,0,0,
1017_u_m_m_sdpolicechief_01,152,152,0,0,
1018_g_m_m_uniduster_01_irish_01,180,180,0,0,
1019_g_m_m_unibanditos_01_hispanic_01,231,231,0,0,
1020_g_m_m_unibanditos_01_hispanic_02,167,167,0,0,
1021_g_m_m_unibanditos_01_hispanic_03,145,145,0,0,
1022_g_m_m_unibanditos_01_hispanic_04,181,181,0,0,
1023_g_m_m_unibanditos_01_white_01,164,164,0,0,
1024_g_m_m_unibanditos_01_white_02,162,162,0,0,
1025_u_m_m_valbutcher_01,78,78,0,0,
1026_g_m_y_uniexconfeds_01_white_04,218,218,0,0,
1028_u_m_m_hhrrancher_01,96,96,0,0,
1029_s_m_m_coachtaxidriver_01_white_01,196,196,0,0,
1030_s_m_m_coachtaxidriver_01_white_02,67,67,0,0,
1031_s_m_m_coachtaxidriver_01_white_03,90,90,0,0,
1032_s_m_m_coachtaxidriver_01_white_04,119,119,0,0,
1033_s_m_m_coachtaxidriver_01_white_05,98,98,0,0,
1034_s_m_m_coachtaxidriver_01_white_06,169,169,0,0,
1035_u_m_m_sdcustomvendor_01,28,28,0,0,
1036_u_m_m_walgeneralstoreowner_01,165,165,0,0,
1037_u_m_m_wapofficial_01,66,66,0,0,
1038_u_f_m_vhtbartender_01,103,103,0,0,
1039_u_m_m_strwelcomecenter_01,65,65,0,0,
1040_a_f_m_waptownfolk_01_native_03,52,52,0,0,
1041_a_m_m_wapwarriors_01_native_03,67,67,0,0,
1042_a_m_m_wapwarriors_01_native_04,68,68,0,0,
1043_a_m_m_wapwarriors_01_native_05,68,68,0,0,
1044_a_f_o_waptownfolk_01_native_01,52,52,0,0,
1045_a_f_o_waptownfolk_01_native_02,51,51,0,0,
1046_a_m_o_waptownfolk_01_native_01,54,54,0,0,
1047_a_m_o_waptownfolk_01_native_02,54,54,0,0,
1048_a_f_m_femaleroughtravellers_01_white_01,38,38,0,0,
1049_a_f_m_femaleroughtravellers_01_white_02,41,41,0,0,
1050_a_f_m_femaleroughtravellers_01_white_03,101,101,0,0,
1051_g_m_m_unibraithwaites_01_white_03,51,51,0,0,
1052_g_m_m_unigrays_01_white_03,51,51,0,0,
1053_g_m_m_unigrays_01_white_04,51,51,0,0,
1054_a_m_m_strfancytourist_01_white_01,61,61,0,0,
1055_a_m_m_strfancytourist_01_white_02,123,123,0,0,
1056_g_m_m_unicriminals_01_white_03,268,268,0,0,
1057_g_m_m_unicriminals_01_white_04,224,224,0,0,
1058_g_m_m_unicriminals_01_white_05,265,265,0,0,
1059_g_m_m_unicriminals_01_white_06,179,179,0,0,
1060_g_m_m_unicriminals_01_white_07,201,201,0,0,
1061_g_m_m_unicriminals_01_white_08,160,160,0,0,
1062_g_m_m_unicriminals_01_white_09,183,183,0,0,
1063_g_m_m_unicriminals_01_white_10,194,194,0,0,
1064_g_m_m_unicriminals_01_black_03,186,186,0,0,
1065_g_m_m_unicriminals_01_black_04,174,174,0,0,
1066_g_m_m_unicriminals_01_hispanic_03,350,350,0,0,
1067_g_m_m_unicriminals_01_hispanic_04,138,138,0,0,
1068_g_m_m_unicriminals_01_hispanic_05,252,252,0,0,
1069_g_m_m_unicriminals_01_hispanic_06,196,196,0,0,
1070_a_m_m_armtownfolk_01_white_01,58,58,0,0,
1071_a_m_m_armtownfolk_01_white_02,85,85,0,0,
1072_a_m_m_armtownfolk_01_white_03,90,90,0,0,
1073_a_f_m_armtownfolk_01_white_01,55,55,0,0,
1074_a_f_m_armtownfolk_01_white_02,61,61,0,0,
1075_a_f_m_armtownfolk_01_white_03,82,82,0,0,
1076_u_m_m_armgeneralstoreowner_01,149,149,0,0,
1077_u_m_o_armbartender_01,100,100,0,0,
1080_u_m_m_armundertaker_01,113,113,0,0,
1081_s_m_m_mexarmy_01_hispanic_01,42,42,0,0,
1082_s_m_m_mexarmy_01_hispanic_02,40,40,0,0,
1083_s_m_m_mexarmy_01_hispanic_03,42,42,0,0,
1084_u_f_m_tumgeneralstoreowner_01,149,149,0,0,
1085_u_m_m_tumgunsmith_01,150,150,0,0,
1086_u_m_m_tumbutcher_01,84,84,0,0,
1087_u_m_m_tumbartender_01,103,103,0,0,
1088_a_m_m_nearoughtravellers_01_white_01,97,97,0,0,
1089_a_m_m_nearoughtravellers_01_white_02,76,76,0,0,
1090_u_m_m_mfrrancher_01,69,69,0,0,
1091_u_m_m_rkfrancher_01,96,96,0,0,
1092_u_m_m_rwfrancher_01,96,96,0,0,
1093_a_m_m_tumtownfolk_01_white_01,64,64,0,0,
1094_a_m_m_tumtownfolk_02_black_01,64,64,0,0,
1095_s_m_m_tumdeputies_01_white_01,93,93,0,0,
1096_s_m_m_tumdeputies_01_white_02,50,50,0,0,
1097_a_f_m_tumtownfolk_01_white_01,61,61,0,0,
1098_a_f_m_tumtownfolk_02_black_01,60,60,0,0,
1099_u_m_o_blwphotographer_01,93,93,0,0,
1100_u_m_m_sdphotographer_01,89,89,0,0,
1101_a_f_m_bathingladies_01_white_01,63,63,0,0,
1102_a_f_m_bathingladies_01_white_02,121,121,0,0,
1103_a_f_m_bathingladies_01_white_03,62,62,0,0,
1104_u_f_m_vhtbathgirl_01,63,63,0,0,
1105_mp_unicriminal_hideout_leader_black_01,17,17,0,0,
1106_mp_unicriminal_hideout_leader_white_01,20,20,0,0,
ab21,26,0,26,26,
ab21aud,41,0,41,41,
abi1aud,359,0,359,359,
abi2aud,91,0,91,91,
abi3aud,406,0,406,406,
abi5aud,36,0,36,36,
abi6aud,31,0,31,31,
abigail,754,754,0,0,
abigail_es,435,435,0,0,
acf0045,25,0,25,25,
acf0192,21,0,21,21,
acf0963,28,0,28,28,
acf0964,28,0,28,28,
acf0965,25,0,25,25,
acf0966,19,0,19,19,
acf0967,23,0,23,23,
acf0968,23,0,23,23,
acf0969,20,0,20,20,
acf0970,20,0,20,20,
acf0971,18,0,18,18,
acf0972,11,0,11,11,
acf0973,18,0,18,18,
acf0975,18,0,18,18,
acf0976,19,0,19,19,
acf0977,28,0,28,28,
albert_mason,2,2,0,0,
aloot,12,0,12,12,
ambmp,2,2,0,0,
anders_helgerson,2,2,0,0,
annesburg_husband,38,38,0,0,
annesburg_wife,94,94,0,0,
arma_sheriff,64,64,0,0,
armrdau,5,0,5,5,
arm_town_crier,2,2,0,0,
arrgnau,14,0,14,14,
arthur,9592,9592,0,0,
asbgaud,14,0,14,14,
babi1au,3,0,3,3,
babi2au,5,0,5,5,
babi3au,3,0,3,3,
babi4au,6,0,6,6,
babi5au,3,0,3,3,
babi7au,13,0,13,13,
bad_luck_traveler,6,6,0,0,
banc1au,13,0,13,13,
banj1au,11,0,11,11,
banj2au,21,0,21,21,
banj3au,14,0,14,14,
banj4au,9,0,9,9,
banu1au,14,0,14,14,
bathing_girl,63,63,0,0,
bawg1au,3,0,3,3,
bawg2au,9,0,9,9,
bawg3au,13,0,13,13,
bbhord,19,0,19,19,
bblu,44,7,37,37,
bbtsst,79,16,63,63,
bcas1au,2,0,2,2,
bcas2au,6,0,6,6,
bcas3au,2,0,2,2,
bcas4au,7,0,7,7,
bccu1au,8,0,8,8,
bccu2au,7,0,7,7,
bccu3au,9,0,9,9,
bccu4au,9,0,9,9,
bch1aud,300,0,300,300,
bch2aud,312,0,312,312,
bch3aud,37,0,37,37,
bchr1au,7,0,7,7,
bchr2au,4,0,4,4,
bchr3au,5,0,5,5,
bchr4au,7,0,7,7,
bchr5au,4,0,4,4,
bcja1au,20,0,20,20,
bcnu5au,6,0,6,6,
bconaud,218,0,218,218,
bcuj1au,22,0,22,22,
bcwg1au,12,0,12,12,
bcwg2au,5,0,5,5,
bdulaud,154,0,154,154,
be22,5,0,5,5,
beau_gray,2,2,0,0,
beaver,4,4,0,0,
bescrt,31,1,30,30,
bhcr,44,0,44,44,
bhjbwau,28,0,28,28,
bhjroau,51,0,51,51,
bhjsdau,37,0,37,37,
bhjstau,45,0,45,45,
bhjtwau,38,0,38,38,
bhjvaau,55,0,55,55,
bhpbwau,63,0,63,63,
bhpnbau,74,0,74,76,
bhproau,63,0,63,63,
bhpstau,62,0,62,62,
bhptwau,67,0,67,67,
bhpvaau,65,0,65,65,
bill,1237,1237,0,0,
binkmov,472,0,472,472,
bino,3,3,0,0,
bjck1au,5,0,5,5,
bjck2au,4,0,4,4,
bjck3au,4,0,4,4,
bjck4au,4,0,4,4,
bjck5au,4,0,4,4,
bjck6au,12,0,12,12,
bkndwn,36,1,35,35,
bktrg,86,15,71,71,
blind_beggar,32,32,0,0,
bminfau,45,0,45,45,
bnd1au,74,0,74,74,
bnd2au,39,0,39,39,
bnp1aud,581,0,581,581,
bnp2aud,259,0,259,259,
bntdyn,53,31,22,22,
bntyin,51,12,39,39,
bntyt,43,7,36,36,
bou1,49,6,43,43,
bou1aud,206,0,206,206,
branaud,311,0,311,311,
broke_man,25,25,0,0,
bronte_goon_1,69,69,0,0,
bronte_goon_2,42,42,0,0,
bronte_goon_3,42,42,0,0,
brt0aud,8,0,8,8,
brt1,42,0,42,42,
brt1aud,359,0,359,359,
brt2,59,2,57,57,
brt2aud,368,0,368,368,
brt3,16,0,16,16,
brt3aud,246,0,246,246,
bsosaud,46,0,46,46,
bt03aud,129,0,129,129,
bt05aud,166,0,166,166,
bt12aud,169,0,169,169,
bt14aud,166,0,166,166,
bt15aud,94,0,94,94,
bt18aud,132,0,132,132,
bt20aud,137,0,137,137,
bt21aud,107,0,107,107,
bt22aud,131,0,131,131,
bt23aud,165,0,165,165,
btupaud,110,0,110,110,
bunc1au,3,0,3,3,
bunc2au,7,0,7,7,
bunc3au,4,0,4,4,
bunc4au,5,0,5,5,
bunc5au,5,0,5,5,
bunc6au,15,0,15,15,
bunc7au,20,0,20,20,
buwg1au,9,0,9,9,
buwg2au,11,0,11,11,
buwg3au,7,0,7,7,
buwg4au,9,0,9,9,
bwcgaud,668,0,668,668,
bwrgnau,23,0,23,23,
c1049au,38,0,38,38,
c1050au,21,0,21,21,
c1088au,28,0,28,28,
c1089au,21,0,21,21,
cab10au,8,0,8,8,
cab11au,25,0,25,25,
cab12au,7,0,7,7,
cab13au,22,0,22,22,
cab14au,3,0,3,3,
cab15au,10,0,10,10,
cab16au,14,0,14,14,
cab17au,12,0,12,12,
cab19au,9,0,9,9,
cab20au,4,0,4,4,
cab21au,8,0,8,8,
cab23au,6,0,6,6,
cab2aud,6,0,6,6,
cab3aud,5,0,5,5,
cab4aud,11,0,11,11,
cabchau,10,0,10,10,
cabi7au,12,0,12,12,
cabi8au,9,0,9,9,
cabi9au,21,0,21,21,
cabr1au,136,0,136,136,
cabt1au,16,0,16,16,
cabvhau,25,0,25,25,
caccaud,291,0,291,291,
cacl1au,14,0,14,14,
cacl3au,13,0,13,13,
cadasau,2,0,2,2,
cahsaud,315,0,315,315,
cajhbau,45,0,45,45,
cajljau,44,0,44,44,
cajndau,34,0,34,34,
cajwrau,42,0,42,42,
cal1aud,616,0,616,616,
calc2au,8,0,8,8,
camc4au,20,0,20,20,
camc5au,25,0,25,25,
camera,101,4,97,97,
camp,102,58,44,44,
can1aud,16,0,16,16,
caproau,66,0,66,66,
cashbau,102,0,102,102,
cassidy,2,2,0,0,
cb10aud,4,0,4,4,
cbbr1au,2,0,2,2,
cbit1au,8,0,8,8,
cbl11au,14,0,14,14,
cbl13au,24,0,24,24,
cbl14au,8,0,8,8,
cbl15au,10,0,10,10,
cbl1aud,3,0,3,3,
cbl2aud,5,0,5,5,
cbl3aud,10,0,10,10,
cbll4au,18,0,18,18,
cbll5au,12,0,12,12,
cbll6au,14,0,14,14,
cbll7au,9,0,9,9,
cbll8au,5,0,5,5,
cbll9au,16,0,16,16,
cbsf1au,4,0,4,4,
cbwh1au,9,0,9,9,
ccabaud,7,0,7,7,
ccam1au,25,0,25,25,
ccam2au,18,0,18,18,
ccam3au,20,0,20,20,
ccd12au,3,0,3,3,
ccd13au,5,0,5,5,
ccd19au,6,0,6,6,
ccd20au,5,0,5,5,
ccd21au,10,0,10,10,
ccdg4au,2,0,2,2,
ccdg8au,7,0,7,7,
ccdh4au,10,0,10,10,
ccdh5au,27,0,27,27,
ccdh6au,11,0,11,11,
ccdh7au,17,0,17,17,
ccdh8au,22,0,22,22,
ccdh9,21,0,21,21,
ccdmaud,17,0,17,17,
ccdt9au,4,0,4,4,
ccdv2au,17,0,17,17,
cch18au,6,0,6,6,
cch19au,15,0,15,15,
cchi1au,9,0,9,9,
cchi2au,9,0,9,9,
cchi3,9,0,9,9,
cchr1au,14,0,14,14,
cchr2au,14,0,14,14,
cchr3au,7,0,7,7,
cchr4au,12,0,12,12,
cchr5au,14,0,14,14,
cchsaud,10,0,10,10,
ccigaud,89,0,89,89,
ccjn2au,11,0,11,11,
ccjn4au,8,0,8,8,
ccjn5au,17,0,17,17,
ccjn6au,10,0,10,10,
cclp_au,6,0,6,6,
ccm10au,3,0,3,3,
ccm12au,11,0,11,11,
ccm15au,5,0,5,5,
ccm17au,36,0,36,36,
ccm18au,9,0,9,9,
ccm19au,11,0,11,11,
ccm20au,15,0,15,15,
ccm21au,13,0,13,13,
ccm22au,9,0,9,9,
ccm23au,10,0,10,10,
ccm24au,7,0,7,7,
ccm25au,18,0,18,18,
ccm27au,8,0,8,8,
ccm28au,14,0,14,14,
ccm29au,7,0,7,7,
ccm30au,9,0,9,9,
ccm31au,16,0,16,16,
ccm32au,9,0,9,9,
ccm33au,10,0,10,10,
ccm36au,6,0,6,6,
ccmb3au,18,0,18,18,
ccmb4au,7,0,7,7,
ccmb5au,8,0,8,8,
ccmb6au,4,0,4,4,
ccmb7au,7,0,7,7,
ccmb8au,12,0,12,12,
ccmb9au,19,0,19,19,
ccmc9au,3,0,3,3,
ccmcaud,8,0,8,8,
ccmhaud,2,0,2,2,
ccml3au,18,0,18,18,
ccml4au,10,0,10,10,
ccoltau,10,0,10,10,
ccsd2au,14,0,14,14,
ccsw7au,3,0,3,3,
cctl2au,20,0,20,20,
cctl3au,21,0,21,21,
cctl5au,11,0,11,11,
cctl6au,13,0,13,13,
ccun2au,9,0,9,9,
ccwg1au,17,0,17,17,
cdcr1au,3,0,3,3,
cdcr2au,5,0,5,5,
cdgf1,6,0,6,6,
cdgf2au,6,0,6,6,
cdh10au,21,0,21,21,
cdh11au,7,0,7,7,
cdh12au,13,0,13,13,
cdh1aud,7,0,7,7,
cdh2aud,11,0,11,11,
cdh3aud,12,0,12,12,
cdhs1au,8,0,8,8,
cdhs2au,5,0,5,5,
cdhs3au,8,0,8,8,
cdj1aud,8,0,8,8,
cdjb1au,24,0,24,24,
cdm2aud,21,0,21,21,
cdmh1au,5,0,5,5,
cdna1au,6,0,6,6,
cdnj5au,12,0,12,12,
cdnj6au,10,0,10,10,
cdnj7au,14,0,14,14,
cdnk1au,16,0,16,16,
cdnk2au,17,0,17,17,
cdnk3au,11,0,11,11,
cdnk4au,23,0,23,23,
cdnl1au,24,0,24,24,
cdnl2au,26,0,26,26,
cdnm3au,18,0,18,18,
cdog1au,9,0,9,9,
cdog2au,14,0,14,14,
cdog3au,13,0,13,13,
cdog5au,5,0,5,5,
cdog6au,5,0,5,5,
cdog7au,5,0,5,5,
cdsb1au,11,0,11,11,
cdsc1au,7,0,7,7,
cdt10aud,12,0,12,12,
cdt11au,3,0,3,3,
cdt14au,4,0,4,4,
cdt15au,5,0,5,5,
cdt16au,1,0,1,1,
cdt17au,4,0,4,4,
cdt18au,4,0,4,4,
cdt22au,19,0,19,19,
cdt23au,24,0,24,24,
cdt24au,11,0,11,11,
cdt25au,10,0,10,10,
cdt26au,4,0,4,4,
cdt27au,3,0,3,3,
cdt28au,7,0,7,7,
cdt29au,5,0,5,5,
cdt30au,9,0,9,9,
cdt31au,4,0,4,4,
cdt32au,41,0,41,41,
cdt33au,27,0,27,27,
cdt34au,5,0,5,5,
cdt3aud,15,0,15,15,
cdt4aud,13,0,13,13,
cdt5aud,20,0,20,20,
cdt6aud,8,0,8,8,
cdt7aud,6,0,6,6,
cdt8aud,12,0,12,12,
cdta1au,5,0,5,5,
cdti1au,14,0,14,14,
cdwt1au,6,0,6,6,
cfa2aud,19,0,19,19,
cfar1au,11,0,11,11,
cfbd1au,13,0,13,13,
cfbnmau,26,0,26,26,
cfbw2au,24,0,24,24,
cfbw3au,20,0,20,20,
cfbw5au,25,0,25,25,
cfbw6au,27,0,27,27,
cfch1au,17,0,17,17,
cfcnuau,24,0,24,24,
cfdv1au,12,0,12,12,
cfdv2au,16,0,16,16,
cfdv3au,14,0,14,14,
cfgeaud,178,0,178,178,
cfgiaud,38,0,38,38,
cfgoaud,120,0,120,120,
cfgsaud,43,0,43,43,
cfhm4au,20,0,20,20,
cfhm5au,22,0,22,22,
cfhm6au,19,0,19,19,
cfhm8au,11,0,11,11,
cfhm9au,20,0,20,20,
cfhu2au,15,0,15,16,
cfhu3au,30,0,30,30,
cfhusau,26,0,26,26,
cfks1au,13,0,13,13,
cfks2au,13,0,13,13,
cfks3au,13,0,13,13,
cfln1au,11,0,11,11,
cfln2au,18,0,18,18,
cfm1aud,15,0,15,15,
cfmb1au,16,0,16,16,
cfmb2au,21,0,21,21,
cfmb3au,16,0,16,16,
cfmb4au,19,0,19,19,
cfmb5au,16,0,16,16,
cfmb6au,18,0,18,18,
cfmp1au,15,0,15,15,
cfmp2au,22,0,22,22,
cfmp3au,16,0,16,16,
cfnm2au,18,0,18,18,
cfrs1au,20,0,20,20,
cfrs2au,17,0,17,17,
cfrs3au,9,0,9,9,
cfrs4au,16,0,16,16,
cfrs5au,9,0,9,9,
cfsb1au,13,0,13,13,
cfsg1au,17,0,17,17,
cfsg2au,16,0,16,16,
cfsh,89,14,75,75,
cfsh1au,20,0,20,20,
cfsn1au,15,0,15,15,
cfsn2au,14,0,14,14,
cfsn3au,11,0,11,11,
cfsnlau,10,0,10,10,
cfsunau,15,0,15,15,
cftl1au,10,0,10,10,
cftl3au,7,0,7,7,
cfub1au,9,0,9,9,
cfub2au,17,0,17,17,
cfub3au,15,0,15,15,
cfud1au,22,0,22,22,
cfun5au,9,0,9,9,
cfun6au,14,0,14,14,
cfunmau,26,0,26,26,
ch12aud,13,0,13,13,
ch13aud,10,0,10,10,
ch14aud,31,0,31,31,
ch15aud,18,0,18,18,
ch16aud,8,0,8,8,
ch17aud,17,0,17,17,
charaud,42,0,42,42,
charles_smith,777,777,0,0,
charles_smith_es,316,316,0,0,
chcl1au,8,0,8,8,
chmwg,21,0,21,21,
chrbaud,238,0,238,238,
chrc1a,100,0,100,100,
chrc2a,150,0,150,150,
chrc3a,134,0,134,134,
chrc4a,100,0,100,100,
chrm4au,24,0,24,24,
chs11au,9,0,9,9,
chs2aud,9,0,9,9,
chs3aud,8,0,8,8,
chs4aud,3,0,3,3,
chs5aud,12,0,12,12,
chsh6au,17,0,17,17,
chsi1au,9,0,9,9,
chsoaud,7,0,7,7,
chsp1au,14,0,14,14,
chwk1au,10,0,10,10,
chwk2au,17,0,17,17,
chwl1au,6,0,6,6,
chwl2au,5,0,5,5,
cja1aud,21,0,21,21,
cjav2au,14,0,14,14,
cjav3au,16,0,16,16,
cjav4au,19,0,19,19,
cjav5au,5,0,5,5,
cjav7au,17,0,17,17,
cjav8au,12,0,12,12,
cjav9au,10,0,10,10,
cjck1au,10,0,10,10,
cjck2au,12,0,12,12,
cjck3au,17,0,17,17,
cjck4au,11,0,11,11,
cjck5au,19,0,19,19,
cjckpau,21,0,21,21,
cjh10au,12,0,12,12,
cjhn3au,18,0,18,18,
cjhn7au,17,0,17,17,
cjhn8au,14,0,14,14,
cjhn9au,20,0,20,20,
cjks1au,21,0,21,21,
cjks2au,9,0,9,9,
cjks3au,20,0,20,20,
cjks4au,23,0,23,23,
cjks5au,16,0,16,16,
cjn1aud,41,0,41,41,
cjv10au,9,0,9,9,
cjv11au,11,0,11,11,
cjvi1au,9,0,9,9,
ckar1au,18,0,18,18,
ckar2au,6,0,6,6,
ckar3au,4,0,4,4,
ckar4au,3,0,3,3,
ckar5au,10,0,10,10,
ckar6au,10,0,10,10,
ckar7au,19,0,19,19,
ckar8au,11,0,11,11,
ckar9au,13,0,13,13,
ckbl1au,6,0,6,6,
ckbl2au,10,0,10,10,
cke12au,13,0,13,13,
cke13au,14,0,14,14,
cke15au,12,0,12,12,
cki14au,11,0,11,11,
ckie8au,7,0,7,7,
ckie9au,9,0,9,9,
ckit1au,10,0,10,10,
ckptaud,452,0,452,452,
ckr10au,11,0,11,11,
ckr11au,13,0,13,13,
ckr12au,12,0,12,12,
ckr17au,12,0,12,12,
ckri1au,13,0,13,13,
ckrp1au,8,0,8,8,
ckrp2au,7,0,7,7,
ckrp3au,5,0,5,5,
ckwg1au,7,0,7,7,
ckwh1au,8,0,8,8,
ckwp1au,6,0,6,6,
clay,21,21,0,0,
cld23au,3,0,3,3,
cld2aud,96,0,96,96,
cldnaud,384,0,384,384,
cleet,182,182,0,0,
clen4au,14,0,14,14,
clen5au,26,0,26,26,
clen6au,11,0,11,11,
clen7au,21,0,21,21,
clen8au,11,0,11,11,
clfffau,24,0,24,24,
clni1au,7,0,7,7,
clni2au,20,0,20,20,
clsm1au,12,0,12,12,
cm11aud,6,0,6,6,
cm13aud,9,0,9,9,
cm14aud,20,0,20,20,
cm16aud,7,0,7,7,
cmb10au,12,0,12,12,
cmb11au,20,0,20,20,
cmb12au,10,0,10,10,
cmbi2au,12,0,12,12,
cmbv1au,8,0,8,8,
cmch5au,10,0,10,10,
cmch6au,11,0,11,11,
cmch7au,14,0,14,14,
cmch8au,14,0,14,14,
cmcl1au,8,0,8,8,
cmco1au,5,0,5,5,
cmcr2au,46,0,46,46,
cmh2aud,4,0,4,4,
cml1aud,8,0,8,8,
cml2aud,19,0,19,19,
cmli1au,6,0,6,6,
cmll5au,16,0,16,16,
cmll6au,15,0,15,15,
cmll7au,7,0,7,7,
cmll8au,12,0,12,12,
cmll9au,20,0,20,20,
cmpdf,14,1,13,13,
cmpi,184,60,124,124,
cmprs,23,1,22,22,
cmrb1au,4,0,4,4,
cmrb2au,4,0,4,4,
cmrbeau,43,0,43,43,
cmsf1au,4,0,4,4,
cmsf2au,5,0,5,5,
cmsf3au,7,0,7,7,
cnvy,44,1,43,43,
collaud,72,0,72,72,
comp,1,1,0,0,
concerned_aunt,107,107,0,0,
cookaud,406,0,406,406,
cpgenau,118,0,118,118,
cplf1au,5,0,5,5,
cpnk1au,24,0,24,24,
cpns1au,28,0,28,28,
cpns2au,16,0,16,16,
cpns3au,17,0,17,17,
cpns4au,25,0,25,25,
cpparau,5,0,5,5,
cppkrau,36,0,36,36,
cpr10au,10,0,10,10,
cpr11au,2,0,2,2,
cpr12au,6,0,6,6,
cpr13au,13,0,13,13,
cpr14au,14,0,14,14,
cpr16au,34,0,34,34,
cpr17au,5,0,5,5,
cpraud4,4,0,4,4,
cpri1au,12,0,12,12,
cprs1au,3,0,3,3,
cprs2au,4,0,4,4,
cprs3au,5,0,5,5,
cprs5au,5,0,5,5,
cprs6au,5,0,5,5,
cprs7au,1,0,1,1,
cprs8au,7,0,7,7,
cprs9au,6,0,6,6,
cps15au,12,0,12,12,
cpsg5au,21,0,21,21,
cpsg7au,20,0,20,20,
cpsg8au,16,0,16,16,
crawaud,176,0,176,176,
crawfish,7,7,0,0,
crawford_sr,18,18,0,0,
crca1a,6,0,6,6,
crca2a,5,0,5,5,
crca3a,6,0,6,6,
credit,886,59,827,827,
crkfaud,120,0,120,120,
crleaud,174,0,174,174,
crmb3,7,0,7,7,
crn1,29,2,27,27,
crn1aud,315,0,315,315,
crp06au,46,0,46,46,
crp07au,9,0,9,9,
crplr,16,0,16,16,
crrh1a,34,0,34,34,
crrh2a,67,0,67,67,
crrh3a,25,0,25,25,
crrhoa,67,0,67,67,
crrl3a,21,0,21,21,
crrsca,4,0,4,4,
crsint,15,1,14,14,
crst1a,69,0,69,69,
crst2a,44,0,44,44,
crst3a,24,0,24,24,
crstra,73,0,73,73,
cs15aud,12,0,12,12,
csa1aud,10,0,10,10,
csa3aud,17,0,17,17,
csbd1au,15,0,15,15,
csdb1au,9,0,9,9,
csdb2au,17,0,17,17,
cse10au,9,0,9,9,
cse11au,9,0,9,9,
cse12au,7,0,7,7,
cse13au,11,0,11,11,
cse14au,4,0,4,4,
cse15au,18,0,18,18,
cse16au,15,0,15,15,
cse17au,10,0,10,10,
csen1au,22,0,22,22,
csen2au,4,0,4,4,
csen3au,11,0,11,11,
csen4,3,0,3,3,
csen5au,17,0,17,17,
csen6au,4,0,4,4,
csen7,9,0,9,9,
csen8,4,0,0,0,
csen9au,10,0,10,10,
cseshau,14,0,14,14,
csgr1au,7,0,7,7,
csgr2au,6,0,6,6,
csgr3au,6,0,6,6,
cshs1au,8,0,8,8,
cshs2au,5,0,5,5,
cshs3au,7,0,7,7,
cskp1au,11,0,11,11,
cskp2au,11,0,11,11,
cskp3au,3,0,3,3,
cslf1au,7,0,7,7,
csn10au,14,0,14,14,
csn11au,12,0,12,12,
csn12au,14,0,14,14,
csn13au,8,0,8,8,
csn14au,10,0,10,10,
csn15au,10,0,10,10,
csn16au,12,0,12,12,
csna1au,3,0,3,3,
csna2au,7,0,7,7,
csnb2au,8,0,8,8,
csnb3au,9,0,9,9,
csni1au,8,0,8,8,
csnj1au,20,0,20,20,
csnj2au,30,0,30,30,
csnu1au,15,0,15,15,
csnwmau,4,0,4,4,
cssn1au,3,0,3,3,
cssn2au,5,0,5,5,
cssn3au,18,0,18,18,
cssn4au,13,0,13,13,
cssn5au,5,0,5,5,
cssn6au,4,0,4,4,
cssn7au,22,0,22,22,
cssn8au,7,0,7,7,
cssn9au,5,0,5,5,
cstr2au,6,0,6,6,
cstr3au,16,0,16,16,
cstr4au,9,0,9,9,
csui2au,9,0,9,9,
csw10au,5,0,5,5,
csw11au,10,0,10,10,
csw12au,9,0,9,9,
csw13au,10,0,10,10,
csw14au,13,0,13,13,
csw16au,16,0,16,16,
csw17au,4,0,4,4,
csw18au,15,0,15,15,
csw19au,50,0,50,50,
csw1aud,2,0,2,2,
csw21au,14,0,14,14,
csw22au,20,0,20,20,
csw2aud,2,0,2,2,
csw3aud,2,0,2,2,
csw4aud,5,0,5,5,
csw5aud,5,0,5,5,
csw6aud,8,0,8,8,
cswb1au,10,0,10,10,
cswk1au,9,0,9,9,
cswn8au,11,0,11,11,
cswn9au,15,0,15,15,
csws1au,69,0,69,69,
cswt1au,5,0,5,5,
ctdm1au,29,0,29,29,
ctll1au,3,0,3,3,
ctll4au,17,0,17,17,
ctlleau,45,0,45,45,
ctnu1au,14,0,14,14,
ctrb1au,11,0,11,11,
ctrl1au,11,0,11,11,
ctrl2au,13,0,13,13,
ctrl3au,12,0,12,12,
ctwg1au,12,0,12,12,
ctwg2au,7,0,7,7,
ctwh1au,9,0,9,9,
cuci1au,10,0,10,10,
cun1aud,5,0,5,5,
cunc3au,14,0,14,14,
cunc4au,17,0,17,17,
cunc5au,7,0,7,7,
cunc6au,7,0,7,7,
cunc7au,4,0,4,4,
cunc8au,7,0,7,7,
cunp1au,20,0,20,20,
cuns2,36,0,36,36,
cuns3au,10,0,10,10,
cuns4au,33,0,33,33,
cuns5au,22,0,22,22,
cuns6au,32,0,32,32,
cuns7,28,0,28,28,
cunsjau,44,0,44,44,
cupr1au,34,0,34,34,
curu,24,0,24,24,
curuaud,193,0,193,193,
cusk1au,21,0,21,21,
cwab1au,7,0,7,7,
cwab2au,7,0,7,7,
cwah1au,5,0,5,5,
cwah2au,5,0,5,5,
cwbc1au,6,0,6,6,
cwbg1au,5,0,5,5,
cwbg2au,4,0,4,4,
cwbv1au,7,0,7,7,
cwbv2au,7,0,7,7,
cwbv3au,10,0,10,10,
cwbv4au,7,0,7,7,
cwct3au,5,0,5,5,
cwdc1au,4,0,4,4,
cwdc2au,7,0,7,7,
cwdc3au,8,0,8,8,
cwdc4au,13,0,13,13,
cwdk1au,12,0,12,12,
cwdp1au,7,0,7,7,
cwds1au,5,0,5,5,
cwhssau,5,0,5,5,
cwjacau,5,0,5,5,
cwjasau,4,0,4,4,
cwjb1au,7,0,7,7,
cwjb2au,8,0,8,8,
cwjc1au,12,0,12,12,
cwkg1au,8,0,8,8,
cwkg2au,8,0,8,8,
cwkg3au,9,0,9,9,
cwkw1au,6,0,6,6,
cwmb1,6,0,6,6,
cwmb1au,9,0,9,9,
cwmb2au,7,0,7,7,
cwmg1au,5,0,5,5,
cwmg2au,8,0,8,8,
cwmg3au,6,0,6,6,
cwmg4au,6,0,6,6,
cwmg5au,6,0,6,6,
cwpf1au,6,0,6,6,
cwpg1au,8,0,8,8,
cwpu1au,6,0,6,6,
cwrc1au,4,0,4,4,
cwrc2au,4,0,4,4,
cwrl1au,8,0,8,8,
cwrm1au,8,0,8,8,
cwrm2au,5,0,5,5,
cwsb1au,13,0,13,13,
cwsd1au,7,0,7,7,
cwsg1au,6,0,6,6,
cwsh1au,5,0,5,5,
cwsh2au,5,0,5,5,
cwsh3au,5,0,5,5,
cwsh4au,3,0,3,3,
cwsh5au,6,0,6,6,
cwsh6au,7,0,7,7,
cwsh7au,4,0,4,4,
cwsl1au,5,0,5,5,
cwsp1au,7,0,7,7,
cwss1au,4,0,4,4,
cwss2au,7,0,7,7,
cwsw1au,5,0,5,5,
cwsw2au,5,0,5,5,
cwsw4au,5,0,5,5,
cwsw5au,4,0,4,4,
cwtr1au,8,0,8,8,
cwtr2au,5,0,5,5,
cwtr3au,6,0,6,6,
cwub1au,7,0,7,7,
cwuc1au,8,0,8,8,
cwug1au,7,0,7,7,
cwug2au,9,0,9,9,
cwug3au,7,0,7,7,
dch3aud,445,0,445,445,
dearbau,38,0,38,38,
debgvau,33,0,33,33,
debrlau,32,0,32,32,
debvgau,38,0,38,38,
debwmau,35,0,35,35,
debwoau,39,0,39,39,
decurau,38,0,38,38,
dedovau,33,0,33,33,
defwo,69,35,34,34,
degrpau,36,0,36,36,
dehenau,34,0,34,34,
dehgrau,35,0,35,35,
dehrtau,36,0,36,36,
deliv,85,5,80,80,
demo1,2,0,2,2,
demo1aud,1,1,0,0,
derlcau,41,0,41,41,
desmpau,35,0,35,35,
desstau,38,0,38,38,
devanau,64,0,64,64,
dewshau,37,0,37,37,
dmc_play,343,240,103,103,
dmichau,5,0,5,5,
dminoau,46,0,46,46,
dmonkau,26,0,26,26,
dnj2aud,13,0,13,13,
dnj3aud,12,0,12,12,
dnj4aud,13,0,13,13,
dodmbau,34,0,34,34,
dopnaud,108,0,108,108,
dorothea_wicklow,2,2,0,0,
downaud,168,0,168,168,
draw,6,6,0,0,
drbgaau,16,0,16,16,
drbvcau,30,0,30,30,
drbwkau,39,0,39,39,
drcleau,36,0,36,36,
drctbau,33,0,33,33,
drhwrau,21,0,21,21,
drmfsau,35,0,35,35,
drmtbau,34,0,34,34,
drpkbau,34,0,34,34,
drpltau,32,0,32,32,
drqcoau,34,0,34,34,
drrosau,18,0,18,18,
drrveau,15,0,15,15,
drsdgau,36,0,36,36,
drsdmau,28,0,28,28,
drunk_traveler_2,47,47,0,0,
dr_macintosh,2,2,0,0,
dsbscau,117,0,117,117,
dsmehau,2,0,2,2,
dst1,78,3,75,75,
dst1aud,398,0,398,398,
dst2aud,484,0,484,484,
dst3,41,0,41,41,
dst3aud,290,0,290,290,
dst5,25,4,21,21,
dst5aud,336,0,336,336,
dst6aud,233,0,233,233,
dstry,42,1,41,41,
dtc1aud,330,0,330,330,
dtc2aud,335,0,335,335,
duel_nephew,49,49,0,0,
dulaud,155,0,155,155,
dutch,892,892,0,0,
edw0aud,42,0,42,42,
edw2aud,249,0,249,249,
emrhau,11,0,11,11,
emr_son1,75,75,0,0,
es1aud,70,0,70,70,
escort,15,0,15,15,
expl,1,1,0,0,
fake_beggar,59,59,0,0,
fbw1aud,18,0,18,18,
fbw4aud,21,0,21,21,
fetch,1083,178,905,905,
fffmcau,4,0,4,4,
fgvomp,202,0,202,202,
fhj1au,197,0,197,197,
fhm1aud,16,0,16,16,
fhm2aud,7,0,7,7,
fhm3aud,16,0,16,16,
fhm7aud,23,0,23,23,
fh_towndealer,53,53,0,0,
fick1au,164,0,164,165,
fin1,45,3,42,42,
fin1aud,868,0,868,868,
fin2,55,0,55,55,
fin2aud,638,0,638,638,
fin3,1,0,1,1,
fin3aud,1,0,1,1,
fishaud,260,0,260,260,
fje1aud,12,0,12,12,
fje2aud,11,0,11,11,
fje3aud,11,0,11,11,
fje4aud,12,0,12,12,
fje5aud,17,0,17,17,
fjm1aud,15,0,15,15,
fjm2aud,13,0,13,13,
fjm3aud,11,0,11,11,
fjm4aud,13,0,13,13,
fjm5aud,17,0,17,17,
fmaaud,590,0,590,590,
fmadd,55,3,52,52,
fmarch,16,1,15,15,
fmeat,77,4,73,73,
fmece,11,1,10,10,
fmechal,133,8,125,125,
fmeesc,40,6,34,34,
fmekotc,19,5,14,14,
fmekotr,16,1,15,15,
fmepla,136,130,6,6,
fmeru,32,2,30,30,
fmest,23,2,21,21,
fmeth,27,16,11,11,
fmewk,22,0,22,22,
fmewp,24,0,24,24,
fmgh,24,0,24,24,
fmhtp,47,2,45,45,
fmj6au,13,0,13,13,
fmpp,16,1,15,15,
fmui,100,16,84,84,
fnstaau,11,0,11,11,
fortm,4,3,1,1,
fransau,53,0,53,53,
frbenau,70,0,70,70,
frblwau,21,0,21,21,
freelance_undertaker,82,82,0,0,
freezing_woman,27,27,0,0,
fremrau,93,0,93,93,
friendly_man,49,49,0,0,
frrhoau,41,0,41,41,
frrigau,18,0,18,18,
frstdau,60,0,60,60,
frstwau,25,0,25,25,
frtwdau,52,0,52,52,
frvalau,134,0,134,134,
frvanau,40,0,40,40,
frwalau,43,0,43,43,
ftellau,72,0,72,72,
fud1,46,0,46,46,
fud1aud,744,0,744,744,
fud2aud,66,0,66,66,
fun1aud,15,0,15,15,
fun2aud,12,0,12,12,
fun3aud,11,0,11,11,
fun4aud,15,0,15,15,
fus1,42,0,42,42,
fus1aud,443,0,443,444,
fus2,46,6,40,40,
fus2aud,261,0,261,261,
gavins_friend,2,2,0,0,
gcmp,33,9,24,24,
gebs_woman,21,21,0,0,
geironmp,66,46,20,20,
geiwd,90,20,70,70,
gengt,36,36,0,0,
gfhi,252,45,207,207,
gfmp,41,7,34,34,
ghaf9au,309,0,309,309,
ghjo9au,347,0,347,347,
ghla9au,312,0,312,312,
ghse9au,437,0,437,437,
giant,2,2,0,0,
global,52239,17331,34908,34908,
gng0aud,110,0,110,110,
gng1,13,0,13,13,
gng1aud,190,0,190,190,
gng2,35,0,35,35,
gng2aud,406,0,406,406,
gng3,26,0,26,26,
gng3aud,358,0,358,358,
grizzled_jon,2,2,0,0,
grvr,4,0,4,4,
gry1,60,1,59,59,
gry1aud,434,0,434,434,
gry2,53,3,50,50,
gry2aud,313,0,313,313,
gry3,10,0,10,10,
gry3aud,224,0,224,224,
gua1,1,0,1,1,
gua1aud,24,0,24,24,
gua2,14,0,14,14,
gua2aud,270,0,270,270,
gua3,42,3,39,39,
gua3aud,187,0,187,187,
guargau,7,0,7,7,
gun1aud,250,0,250,250,
gun2aud,103,0,103,103,
gun3aud,84,0,84,84,
gun5aud,184,0,184,184,
hanging,7,7,0,0,
hbvhaud,39,0,39,39,
hdint,7,0,7,7,
hdog,4,0,4,4,
hdout,20,0,20,20,
help,641,71,570,570,
herbalist,167,167,0,0,
herdaud,10,0,10,10,
hlp2aud,160,0,160,160,
hmr0aud,535,0,535,535,
hmrb,40,7,33,33,
hmrbaud,167,0,167,167,
hmstd,4,0,4,4,
hnt1,1,0,1,1,
hnt1aud,1,0,1,1,
hnt6aud,139,0,139,139,
hntnaud,485,0,485,485,
hondef,17,0,17,17,
hosea,602,602,0,0,
hrm1aud,24,0,24,24,
hrmn,3,3,0,0,
hsh7aud,30,0,30,30,
hsh8aud,25,0,25,25,
hsh9aud,46,0,46,46,
hshbaud,5,0,5,5,
hstdaud,333,0,333,333,
hunhcau,114,0,114,114,
ind1,58,0,58,58,
ind1aud,944,0,944,944,
ind3,50,1,49,49,
ind3aud,512,0,512,512,
intcpt,33,0,33,33,
jack,375,375,0,0,
javier,922,922,0,0,
jboaud,106,0,106,106,
jck2aud,213,0,213,213,
jk_ticket_taker,33,33,0,0,
jlbrk,34,0,34,34,
joe,200,200,0,0,
joe_butler,2,2,0,0,
john,1245,1245,0,0,
johnthemadman,2,2,0,0,
john_player,5797,5797,0,0,
jsng1au,8,0,8,8,
jsng2au,7,0,7,7,
jsng3au,14,0,14,14,
jsng4au,12,0,12,12,
jsng5au,24,0,24,24,
jsng6au,11,0,11,11,
js_towndealer,33,33,0,0,
jwk1aud,14,0,14,14,
karen,789,789,0,0,
ke10aud,14,0,14,14,
ke11aud,8,0,8,8,
kie1aud,8,0,8,8,
kie3aud,14,0,14,14,
kie4aud,5,0,5,5,
kie5aud,5,0,5,5,
kie7aud,10,0,10,10,
kieran,709,709,0,0,
knsg1au,27,0,27,27,
ksng1au,30,0,30,30,
kttyaud,635,0,635,635,
lar1,3,0,3,3,
lar1aud,106,0,106,106,
lawinau,90,0,90,90,
lbgt,56,56,0,0,
lccolau,6,0,6,6,
lcmpaud,232,0,232,232,
lcwraud,6,0,6,6,
ldtcaud,36,0,36,36,
leganm,46,0,46,46,
len1aud,10,0,10,10,
len2aud,6,0,6,6,
len3aud,4,0,4,4,
lenny,835,835,0,0,
lillian_powell,2,2,0,0,
loan,139,15,124,124,
logcmp,13,0,13,13,
loltrau,310,0,310,310,
lombkau,103,0,103,103,
lominau,160,0,160,160,
lomrsau,107,0,107,107,
lomtrau,93,0,93,93,
lost_hunter,79,79,0,0,
lrweaud,22,0,22,22,
lscatau,82,0,82,82,
lsddaud,36,0,36,36,
lsdsaud,31,0,31,31,
lshrcau,47,0,47,47,
lshssau,97,0,97,97,
lshunau,110,0,110,110,
lsminau,84,0,84,84,
lssolau,109,0,109,109,
lsundau,167,0,167,167,
lswomau,83,0,83,83,
ltdroau,305,0,305,305,
ltniaud,64,0,64,64,
ltsrhau,9,0,9,9,
maggaud,416,0,416,416,
map,294,7,287,287,
mar1,39,5,34,34,
mar1aud,302,0,302,302,
mar2,20,0,20,20,
mar2aud,325,0,325,325,
mar4,30,0,30,30,
mar4aud,288,0,288,288,
mar5,19,0,19,19,
mar5aud,840,0,840,840,
mar6,36,0,36,36,
mar6aud,209,0,209,209,
mar7,43,1,42,42,
mar7aud,324,0,324,324,
mar8,31,4,27,27,
mar8aud,431,0,431,433,
marybeth,1157,1157,0,0,
masnaud,1034,0,1034,1034,
mayraud,643,0,643,643,
mbhanau,13,0,13,13,
mbharau,22,0,22,22,
mbhbwau,35,0,35,35,
mbhrhau,25,0,25,25,
mbhsdau,20,0,20,20,
mbhstau,22,0,22,22,
mbhtwau,18,0,18,18,
mbhvaau,21,0,21,21,
mblbbau,131,0,131,131,
mblbfau,170,0,170,170,
mc_play,747,482,265,265,
memaud,58,0,58,58,
mgabdau,454,0,454,454,
mgbbau,250,0,250,250,
mgbld,6,6,0,0,
mgblk,101,2,99,99,
mgbonau,261,0,261,261,
mgclaau,218,0,218,218,
mgcls,6,0,6,6,
mgcrk,14,6,8,8,
mgdom,111,13,98,98,
mgdul,8,0,8,8,
mgfff,75,3,72,72,
mgfffau,14,0,14,14,
mgflaau,266,0,266,266,
mgfnc,6,0,6,6,
mgforau,299,0,299,299,
mgfsh,102,0,102,102,
mggenau,7,0,7,7,
mghamau,267,0,267,267,
mgjoeau,264,0,264,264,
mglanau,426,0,426,426,
mgmawau,222,0,222,222,
mgmlk,3,0,3,3,
mgpkr,287,8,279,279,
mgrhcau,327,0,327,327,
mgsadau,462,0,462,462,
mgseaau,295,0,295,295,
mgshaau,297,0,297,297,
mgstcau,318,0,318,318,
mgthoau,222,0,222,222,
mgtreau,216,0,216,216,
mh1aud,23,0,23,23,
micah_bell,813,813,0,0,
mickey,2,2,0,0,
mllraud,335,0,335,335,
mnintau,118,0,118,118,
mnr1aud,151,0,151,151,
mob01au,13,0,13,13,
mob02au,9,0,9,9,
mob1,26,0,26,26,
mob1aud,362,0,362,362,
mob2,38,0,38,38,
mob2aud,468,0,468,468,
mob3,22,0,22,22,
mob3aud,291,0,291,291,
mob4,60,0,60,60,
mob4aud,477,0,477,477,
mob5,20,0,20,20,
mob5aud,275,0,275,275,
molly,666,666,0,0,
moon1au,190,0,190,190,
moon2au,59,0,59,59,
moon3au,122,0,122,122,
moon4au,29,0,29,29,
moon5au,212,0,212,212,
mountain_bear_hunter,87,87,0,0,
movta,20,2,18,18,
mpbthau,79,0,79,79,
mpclaau,154,0,154,154,
mpfd,284,86,198,198,
mpft,27,0,27,27,
mpgo1au,223,0,223,223,
mpgo2au,182,0,182,182,
mpgo3au,173,0,173,173,
mpgu1au,201,0,201,201,
mpgu2au,247,0,247,247,
mpgu3au,156,0,156,156,
mpgu4au,191,0,191,191,
mphonau,144,0,144,144,
mpicbau,150,0,150,150,
mpicdau,307,0,307,307,
mpicmau,256,0,256,256,
mpintau,542,0,542,542,
mpintro,131,9,122,122,
mpjb1au,67,0,67,67,
mpjb2au,67,0,67,67,
mplarau,20,0,20,20,
mplbaau,115,0,115,115,
mplbcau,82,0,82,82,
mplbdau,103,0,103,103,
mplbeau,118,0,118,118,
mplbgau,99,0,99,99,
mplbhau,444,0,444,444,
mplbjau,227,0,227,227,
mplbmau,124,0,124,124,
mplobau,40,0,40,40,
mplrdau,20,0,20,20,
mpmurau,20,0,20,20,
mpodrau,20,0,20,20,
mpou1au,186,0,186,186,
mpou2au,94,0,94,94,
mpou3au,92,0,92,92,
mpou4au,152,0,152,152,
mppjaau,8,0,8,8,
mpre1au,220,0,220,220,
mpre2au,298,0,298,298,
mpsbiau,9,0,9,9,
mpsfmau,219,0,219,219,
mpsknau,20,0,20,20,
mptbyau,350,5,345,345,
mpuniau,40,0,40,40,
mr52,24,0,24,24,
mr53,61,2,59,59,
mry1,39,0,39,39,
mry1aud,446,0,446,446,
mry3,56,0,56,56,
mry31au,42,0,42,42,
mry3aud,469,0,469,469,
msbrw,24,1,23,23,
msdst,64,1,63,63,
msint,49,3,46,46,
mskid,48,1,47,47,
msmn,1,0,1,1,
msmp,406,334,72,72,
mspro,38,3,35,35,
msrbl,12,0,12,12,
msres,21,2,19,19,
mssab,36,1,35,35,
mssell,22,1,21,21,
mssup,20,2,18,18,
mtn_moonshiner,110,110,0,0,
mud1,40,4,36,36,
mud1aud,336,0,336,336,
mud2,14,0,14,14,
mud2aud,181,0,181,181,
mud3,73,0,73,73,
mud3aud,532,0,532,532,
mud4,61,0,61,61,
mud4aud,459,0,459,459,
mud5,62,0,62,62,
mud5aud,616,0,616,616,
mud6,50,1,49,49,
mud6aud,336,0,336,336,
nahid,19,0,19,19,
nas,109,15,94,94,
nasal,39,9,30,30,
nasalau,3,0,3,3,
nasbeau,14,0,14,14,
nasbi,60,6,54,54,
nasbiau,57,0,57,57,
nasbo,52,1,51,51,
nasboau,18,0,18,18,
nasbr,44,6,38,38,
nasbu,35,9,26,26,
nasbuau,19,0,19,19,
nasbv,51,3,48,48,
nasbvau,76,0,76,76,
nascg,66,16,50,50,
nascgau,20,0,20,20,
nascy,33,3,30,30,
nascyau,17,0,17,17,
nasel,37,9,28,28,
naselau,14,0,14,14,
nasfo,57,6,51,51,
nasfxau,24,0,24,24,
nasmo,48,6,42,42,
nasmoau,37,0,37,37,
naspa,51,6,45,45,
naspaau,44,0,44,44,
nasprau,486,0,486,486,
nasra,49,4,45,45,
nasraau,29,0,29,29,
naswo,59,13,46,46,
naswoau,3,0,3,3,
naturau,660,0,660,660,
natvaud,218,0,218,218,
nbaaaud,127,0,127,127,
nbbeg,2,0,2,2,
nbd1,63,2,61,61,
nbd1aud,568,0,568,568,
nbegp,3,0,3,3,
nbhdaud,18,0,18,18,
nbmt,902,3,899,899,
nbshin,3,0,3,3,
nbthaud,163,0,163,163,
nbtied,3,0,3,3,
nchu,158,2,156,156,
netchar,9,1,8,8,
news,951,951,0,0,
nicholas_timmins,2,2,0,0,
nmnu,718,230,488,488,
norris_forsythe,2,2,0,0,
nsco,3,3,0,0,
ntintau,113,0,113,113,
nts1,21,0,21,21,
nts1aud,300,0,300,300,
nts2,49,0,49,49,
nts2aud,267,0,267,267,
nts3,57,0,57,57,
nts3aud,496,0,496,496,
ntv0aud,32,0,32,32,
ntv1,60,4,56,56,
ntv1aud,572,0,572,572,
ntv2,20,0,20,20,
ntv2aud,525,0,525,525,
ntv3,12,0,12,12,
ntv3aud,472,0,472,472,
obhebct,42,7,35,35,
obtaud,499,0,499,499,
oddfaud,440,0,440,440,
odr4,17,0,17,17,
odr4aud,258,0,258,258,
ohunt,75,0,75,75,
oosupr2,10,0,10,10,
opium_man,6,6,0,0,
opium_woman,2,2,0,0,
oredul,2,0,2,2,
oregrau,155,0,155,155,
orepaud,515,0,515,515,
orepht,45,0,45,45,
oreraud,184,0,184,184,
orerc,1,1,0,0,
orerw,5,0,5,5,
orewm,5,0,5,5,
orewmau,202,0,202,202,
otraud,22,0,22,22,
outch,50,50,0,0,
outcr,19,19,0,0,
outcw,90,90,0,0,
outdc,52,52,0,0,
outhr,37,37,0,0,
outre,64,64,0,0,
outsdd,66,66,0,0,
outsds,99,99,0,0,
outss,56,56,0,0,
outti,67,67,0,0,
pbnty,72,8,64,64,
pc_townsperson,128,128,0,0,
pearson,1090,1090,0,0,
pearson_shopkeeper,68,68,0,0,
peeped_woman,1,1,0,0,
phm1aud,420,0,420,420,
phm2aud,232,0,232,232,
phm3aud,145,0,145,145,
phm5aud,145,0,145,145,
phm6aud,285,0,285,285,
phm7aud,562,0,562,562,
phmvaud,18,0,18,18,
pianoau,97,0,97,97,
pkraud,46,0,46,46,
plains_stranded_rider,33,33,0,0,
plyst,18,0,18,18,
pmnu,1088,297,791,791,
poor_joe,2,2,0,0,
prsas,20,0,20,20,
prsnaud,427,0,427,427,
psng1au,40,0,40,40,
rabi1,30,1,29,29,
rabi3,42,0,42,42,
rally_leader,58,58,0,0,
rbch1,21,0,21,21,
rbch2,3,0,3,3,
rbcon,6,0,6,6,
rbco_target,26,26,0,0,
rbdul,11,0,11,11,
rbh_target18,22,22,0,0,
rbh_target20,22,22,0,0,
rbh_target22,23,23,0,0,
rbnp1,64,6,58,58,
rbnp2,48,4,44,44,
rbran,6,0,6,6,
rbra_target,25,25,0,0,
rbrt0,2,1,1,1,
rbt03,7,0,7,7,
rbt05,4,0,4,4,
rbt12,7,0,7,7,
rbt14,7,0,7,7,
rbt15,10,0,10,10,
rbt18,5,0,5,5,
rbt20,5,0,5,5,
rbt21,8,0,8,8,
rbt22,12,0,12,12,
rbt23,8,0,8,8,
rbwcg,23,4,19,19,
rbwcg_black,2,2,0,0,
rbwcg_white,2,2,0,0,
rcal1,28,3,25,25,
rccig,3,1,2,2,
rcdin,3,1,2,2,
rcdinau,130,0,130,130,
rcexo,552,5,547,547,
rcfsh,18,1,17,17,
rcfshau,271,0,271,271,
rch1aud,122,0,122,122,
rch2aud,64,0,64,64,
rch3aud,84,0,84,84,
rchrb,38,1,37,37,
rckpt,59,1,58,58,
rcld2,7,3,4,4,
rcldn,65,1,64,64,
rcmpaud,311,0,311,311,
rcraw,15,1,14,14,
rcrkf,4,1,3,3,
rcrle,18,0,18,18,
rctax,1,0,1,1,
rctxdau,62,0,62,62,
rc_play,126,20,106,106,
rdch3,27,0,27,27,
rdopn,8,0,8,8,
rdown,25,2,23,23,
rdst2,22,0,22,22,
rdst6,11,0,11,11,
rdtc1,49,3,46,46,
rdtc2,34,0,34,34,
re005_female3,4,4,0,0,
recct_woman_1,22,22,0,0,
recov,61,0,61,61,
recr_victim,11,11,0,0,
redbaud,15,0,15,15,
reddval,8,0,8,8,
reddvht,5,0,5,5,
redjaud,22,0,22,22,
redj_woman1,157,157,0,0,
redw2,35,0,35,35,
refnd_volunteer,43,43,0,0,
refr_victim,10,10,0,0,
rehcaud,43,0,43,43,
reik_woman_1,97,97,0,0,
reir_rider,61,60,1,1,
rekgcau,161,0,161,161,
rekhbau,182,0,182,182,
reldaud,6,0,6,6,
relov_man,58,58,0,0,
relov_woman,3,3,0,0,
remcpau,12,0,12,12,
repaaud,14,0,14,14,
repo,191,0,191,191,
reriaud,5,0,5,5,
resamau,5,0,5,5,
resam_whore,30,30,0,0,
resfvht,6,0,6,6,
resup,25,0,25,25,
resusau,42,0,42,42,
rethaud,54,0,54,54,
rev1,31,0,31,31,
rev1aud,264,0,264,264,
rev1_witness,5,5,0,0,
revenau,673,0,673,673,
reverend_peter,2,2,0,0,
re_cg_prisoner1,38,38,0,0,
re_cg_prisoner2,37,37,0,0,
re_nbx_wealthyman,26,26,0,0,
re_treasure_hunter,30,30,0,0,
rfma,26,2,24,24,
rgng0,21,1,20,20,
rgun1,21,4,17,17,
rgun1_slinger,2,2,0,0,
rgun2,21,3,18,18,
rgun3,27,3,24,24,
rgun4_slinger,2,2,0,0,
rgun5,9,0,9,9,
rhdstfa,9,0,9,9,
rhd_preacher,69,69,0,0,
rhmr0,55,1,54,54,
rhmrb,21,0,21,21,
rhntn,56,1,55,55,
rhrgnau,144,0,144,144,
rhunt,526,18,508,508,
rjck2,17,0,17,17,
rktty,73,1,72,72,
rmary,6,4,2,2,
rmasn,73,6,67,67,
rmayr,77,8,69,69,
rmd3aau,88,0,88,88,
rmllr,27,2,25,25,
rmnr1,27,1,26,26,
rmob01,3,0,3,3,
rmob02,3,0,3,3,
rmry0au,28,0,28,28,
rmryb,2,0,2,2,
rmud3,13,0,13,13,
rnat2,2,2,0,0,
rnatv,33,0,33,33,
robt,34,0,34,34,
roddf,22,1,21,21,
rprsn,76,0,76,76,
rrch1_abe,5,5,0,0,
rrfa1au,37,0,37,37,
rrtl,50,9,41,41,
rsad1,43,2,41,41,
rscvip,116,8,108,108,
rsklr,28,2,26,26,
rslvc,52,0,52,52,
rsptrd,126,0,126,126,
rstr1,1,0,1,1,
rstr2,1,0,1,1,
rstr3,3,1,2,2,
rtlaud,354,0,354,354,
rust,10,0,10,10,
rvrdaud,62,0,62,62,
rwarv,61,1,60,60,
rxcf1,36,0,36,36,
sad11au,328,0,328,328,
sad2,28,0,28,28,
sad2aud,440,0,440,440,
sad3,43,2,41,41,
sad3aud,519,0,519,523,
sad4,22,0,22,22,
sad4aud,281,0,281,283,
sad5,27,0,27,27,
sad5aud,551,0,551,556,
sadie_adler,792,792,0,0,
sadie_adler_es,2,2,0,0,
sal1,33,0,33,33,
sal1aud,302,0,302,302,
satch,283,94,189,189,
satdoau,290,0,290,290,
scaraud,14,0,14,14,
scrb,152,8,144,144,
scscaud,40,0,40,40,
scsfaud,18,0,18,18,
sctdaud,24,0,24,24,
scvbaud,21,0,21,21,
scvhaud,21,0,21,21,
scvraud,18,0,18,18,
scvtaud,28,0,28,28,
scvtfau,6,0,6,6,
sean,656,656,0,0,
selgds,59,0,59,59,
sen1,32,2,30,30,
sen1aud,293,0,293,293,
settings,449,148,301,301,
sfireau,22,0,22,22,
sftl2au,12,0,12,12,
shady,3,3,0,0,
sharpshooter_2,181,181,0,0,
shbcaud,102,0,102,102,
sheaau,60,0,60,60,
shenaud,67,0,67,67,
sherif,30,0,30,30,
shffaud,74,0,74,74,
shfosau,19,0,19,19,
shmcaud,157,0,157,157,
shop,380,276,104,114,
showfau,23,0,23,23,
shrb,27,6,21,21,
shrctau,189,0,189,189,
shsdaud,12,0,12,12,
sixpt,4,1,3,3,
sk1aud,2,0,2,2,
sk2aud,4,0,4,4,
skag3au,20,0,20,20,
sklraud,116,0,116,116,
skltau,2,0,2,2,
sksg1au,1,0,1,1,
sksg2au,24,0,24,24,
slfd,18,3,15,15,
slvcaud,218,0,218,218,
smg2,32,0,32,32,
smg2aud,274,0,274,274,
soothsayer,2,2,0,0,
spadaud,41,0,41,41,
spah,5,0,5,5,
spahaud,99,0,99,99,
spanked_cowboy,5,5,0,0,
spanking_wife,2,2,0,0,
spatcau,43,0,43,43,
spbc,2,1,1,1,
spbm,10,0,10,10,
spbmcau,115,0,115,115,
spbp,2,0,2,2,
spbprau,142,0,142,142,
spchmau,38,0,38,38,
spcraud,9,0,9,9,
spcw,10,10,0,0,
spcwcau,92,0,92,92,
spcwvau,156,0,156,156,
spdef,7,0,7,7,
spdwau,106,0,106,106,
spep,2,0,2,2,
spgat,3,0,3,3,
spgatau,44,0,44,44,
spgj,2,0,2,2,
spgjau,133,0,133,133,
spgv,2,0,2,2,
spgvnau,101,0,101,101,
spjb,2,0,2,2,
spjbaud,141,0,141,141,
spjbmau,109,0,109,109,
splpaud,177,0,177,177,
spmad,2,0,2,2,
spmayau,129,0,129,129,
spmmaud,137,0,137,137,
spms,1,1,0,0,
spnfaud,153,0,153,153,
sppc,2,0,2,2,
sppicau,88,0,88,88,
sppj,2,0,2,2,
spprjau,148,0,148,148,
spsbtau,30,0,30,30,
spsdvau,23,0,23,23,
spshrau,91,0,91,91,
spsnwau,81,0,81,81,
spsot,4,0,4,4,
spsotau,89,0,89,89,
spss,1,0,1,1,
spsu,1,0,1,1,
spswo,2,0,2,2,
spswoau,80,0,80,80,
sptd,1,0,1,1,
sptimau,126,0,126,126,
sptm,4,1,3,3,
spttlau,57,0,57,57,
spvp,3,0,3,3,
srngaud,190,0,190,190,
srrgaud,175,0,175,175,
srsgaud,106,0,106,106,
srvdaud,103,0,103,103,
ssaaaud,7,0,7,7,
ssng1,47,0,47,47,
ssnkeau,24,0,24,24,
stch,2,0,2,2,
stdrgau,123,0,123,123,
stlbt,109,8,101,101,
stlhrs,56,1,55,55,
stlwg,60,0,60,60,
str1aud,29,0,29,29,
str2aud,56,0,56,56,
str3aud,115,0,115,115,
strauss,1100,1100,0,0,
strrgau,43,0,43,43,
sun_worshipper,2,2,0,0,
suptrn,32,0,32,32,
sus1,38,1,37,37,
sus1aud,316,0,316,316,
susan,811,811,0,0,
svsfaud,10,0,10,10,
swamp_gang_1,18,18,0,0,
swamp_weirdo,2,2,0,0,
swanson,967,967,0,0,
td1aud,42,0,42,42,
teen_jack,343,343,0,0,
thomas_downes,2,2,0,0,
tilly,497,497,0,0,
timothy_donahue,2,2,0,0,
tiny_hermit,2,2,0,0,
tnrb,6,0,6,6,
town_widow,24,24,0,0,
tracks,18,0,18,18,
tradaud,704,0,704,704,
trappau,181,0,181,181,
tre1,59,0,59,59,
tre1aud,356,0,356,356,
treas,1,0,1,1,
trefaau,26,0,26,26,
trelawny,409,409,0,0,
trh1aud,14,0,14,14,
trl1,1,0,1,1,
trl1aud,1,1,0,0,
trn1,12,0,12,12,
trn1aud,242,0,242,242,
trn2,21,0,21,21,
trn2aud,186,0,186,186,
trn3,52,0,52,52,
trn3aud,260,0,260,260,
trn4,56,0,56,56,
trn4aud,357,0,357,357,
twdrgau,3,0,3,3,
twd_sheriff,28,28,0,0,
twin,4,4,0,0,
uic,110,41,69,69,
uncle,846,846,0,0,
uncle_es,429,429,0,0,
uncs1au,26,0,26,26,
unpnsau,35,0,35,35,
unsg2au,9,0,9,9,
usng1au,41,0,41,41,
usng3au,30,0,30,30,
ussng1,33,0,33,33,
utp1,25,0,25,25,
utp1aud,265,0,265,265,
utp2,18,0,18,18,
utp2aud,201,0,201,201,
u_m_m_unistoneskipper_01,33,33,0,0,
u_m_y_unistoneskipper_01,76,76,0,0,
valrdau,6,0,6,6,
valrgau,101,0,101,101,
vanrgau,20,0,20,20,
vcfj1au,7,0,7,7,
vfbl1au,10,0,10,10,
vfch1au,8,0,8,8,
vhtrdau,7,0,7,7,
vjva1au,10,0,10,10,
vvsm1au,12,0,12,12,
vwmc1au,11,0,11,11,
wallaud,11,0,11,11,
ward,281,274,7,7,
warvaud,820,0,820,820,
wgnbo,101,1,100,100,
wgntv,60,2,58,58,
wildman,39,39,0,0,
wnt1,153,1,152,152,
wnt1aud,547,0,547,547,
wnt2,39,0,39,39,
wnt2aud,319,0,319,319,
wnt4,61,1,60,60,
wnt4aud,443,0,443,443,
xcf1aud,386,0,386,386,